id,name,current_lng,current_lat,updated_at,description,entity_id,active,type,gender,system_prompt,introduction_instructions
1,Company,1.228323,51.560255,2026-06-25 06:36:30.555119,,,f,,,,
2,Eothraim,1.228323,51.560255,2026-06-25 06:42:31.388994,"Semi-nomadic horse-people — superb riders, herders and hunters who follow their flocks between seasonal pastures. Proud and honour-bound, though split into many independent groups. Toward travellers: wary but hospitable to those who show respect; quick to take offence at insult or trespass.",1fce59e8-3cd1-4c7b-bda6-65b87652eee1,f,humans,male,,
3,Elven Noble,1.228323,51.560255,2026-06-25 06:42:31.388994,"A high-born Elf of one of the great houses, travelling with attendants on errands of state, kinship or lore, bearing authority lightly but unmistakably. Toward travellers: gracious and dignified but remote; a meeting feels like an audience as much as an encounter.",9b337ad0-5ef8-42ad-b08b-eeab60bce82f,f,elves,female,,
4,Common Folk,1.228323,51.560255,2026-06-25 06:42:31.388994,"Ordinary working people of town and country — farmers, herders, craftsfolk and labourers going about daily life. Toward travellers: they want mainly to be left in peace, and their welcome to strangers swings from kindness to wariness.",16a77606-bcf7-4062-af0f-e25b048ae8c2,f,humans,male,,
5,Dwarves of the Iron Hills,1.228323,51.560255,2026-06-25 06:42:31.388994,"Durin's Folk who mine and smelt the rich iron of the Iron Hills east of Mirkwood — renowned smiths of weapons and armour, trading with the Men of Dale and the Lake. Toward travellers: proud, industrious and stout in war; wary of strangers but fair to honest dealers and staunch allies.",484b206d-1708-463e-8aad-feaf45092071,f,dwarves,male,,
6,Laiquendi (Green-elves),1.228323,51.560255,2026-06-25 06:42:31.388994,"The Green-elves of Ossiriand — a reclusive woodland Elf-folk of the Elder Days, deeply bound to forest and river. Toward travellers: secretive and seldom seen, keeping to their woods; wary of strangers but not hostile without cause.",2c718b24-122d-43c2-bfd3-aaeee51ac5d2,f,elves,female,,
7,Asdriags,1.228323,51.560255,2026-06-25 06:42:31.388994,"A savage, wain-riding Easterling people who roam the grasslands in search of plunder. Toward travellers: hostile and predatory — raiders who fall upon the unwary rather than parley.",ebbf6613-49b0-4a97-beb8-0c169775d3b8,f,humans,male,,
8,Daen folk,1.228323,51.560255,2026-06-25 06:42:31.388994,"The native pre-Númenórean people of the coasts and plains — shorter and stockier than the Dúnedain — who took up Westron and Númenórean ways while keeping their old songs and lore; they make up most of the common folk of Lebennin and Anfalas. Toward travellers: settled, ordinary country people whose welcome ranges from hospitable to wary.",d23c16a2-86e0-4d46-821d-8002e6802f41,f,humans,male,,
9,Daen Coentis,1.228323,51.560255,2026-06-25 06:42:31.388994,"Mountain clans of the White Mountains living above the treeline in simple groupings — semi-nomadic goat-herds and, on the coast, fisherfolk — who have largely shunned Gondorian ways and keep their ancient traditions. Toward travellers: insular and proud, suspicious of outsiders but not hostile without cause.",e7963437-99f8-4831-9e59-27bfbd0ddbc6,f,humans,male,,
10,Galadhrim (Elves of Lórien),1.228323,51.560255,2026-06-25 06:42:31.388994,"The Silvan and Sindarin Elves of Lórien, masters of woodcraft and stealth, dwelling in flets high among the great mallorn-trees. Toward travellers: secretive guardians of their golden wood, unseen until they choose; courteous but exacting toward strangers who enter uninvited.",6588dabc-dd1a-4056-9006-f9b77ba0796f,f,elves,female,,
11,Sakalai,1.228323,51.560255,2026-06-25 06:42:31.388994,"Small, dark-haired, independent tribes of the southern marshes and the mouths of Anduin, of mixed Daen and Southron blood, living as swamp-fishers largely beyond Gondor's reach. Toward travellers: keep to themselves in their fens, wary of outsiders and of any authority.",b2b81354-a616-4b33-b26d-c746e85a533c,f,humans,male,,
12,Elves of Rivendell,1.228323,51.560255,2026-06-25 06:42:31.388994,"The mixed Elf-folk of Rivendell — Noldor lords and craftsmen, Sindar, and many Silvan Elves who tend its grounds and patrols — tall, ageless and hardy, gathered in willing service around the Lord of the House. Toward travellers: gracious hosts within their hidden valley, giving rest, healing and counsel to the worthy, and ready to defend it at need.",39c6f905-e634-405e-80b0-d9ff9ce329e5,f,elves,female,,
13,Elrond,1.228323,51.560255,2026-06-25 06:42:31.388994,"Elrond Half-elven, lord and founder of Rivendell — descended from both Elves and Men, keeper of Arnor's heirlooms and bearer of one of the Three Rings; a healer, loremaster and host of the wise. Toward travellers: a noble, kindly and far-sighted lord, a giver of shelter, healing and counsel to those who reach his house in need.",3c53e93a-1e01-4478-ad09-a71fb3f504af,f,elves,female,,
14,Galadriel,1.228323,51.560255,2026-06-25 06:42:31.388994,"Lady of Lórien — a great Noldorin princess, Ring-bearer, and one of the wisest and most far-seeing of Elves, whose foresight and power guard her realm against the Shadow. Toward travellers: regal, ancient and searching; gracious to the worthy who reach her wood, but her gaze reads the heart.",3720f344-517b-4d03-b9b3-3119e56c8b18,f,elves,female,,
15,Hillmen of Rhudaur,1.228323,51.560255,2026-06-25 06:42:31.388994,"Short, dark, stocky hill-folk of broken Rhudaur, kin to the Dunlendings — superb mountaineers but deeply distrustful of outsiders and prone to treachery and ambush, worshipping vengeful gods with blood; old enemies of Dúnedain and Northmen, and dreading Elves. Toward travellers: dangerous and faithless to strangers, quick to ambush and slow to trust.",5fff43cd-dcc7-4f99-aed5-2edf7159668e,f,humans,male,,
16,Calenardhons,1.228323,51.560255,2026-06-25 06:42:31.388994,"The Men of the grassy plains south of Fangorn — herders and settlers along the Entwash, forerunners of the Rohirrim — who graze and trade near the forest and keep an uneasy peace with its powers. Toward travellers: plain herding folk, cautious but not hostile, ever watchful of the forest at their backs.",69e7e569-1f05-4c24-b676-46082f84878e,f,humans,male,,
17,Rural Men,1.228323,51.560255,2026-06-25 06:42:31.388994,"A broad label for the common country folk of Eriador and Gondor — of mixed blood, plainly dressed, working farm, pasture and trade. Toward travellers: ordinary working people whose welcome to strangers ranges from kindly to wary with the times.",1d974e03-f452-4ab8-81bb-0a02507e3aad,f,humans,male,,
18,Woodmen,1.228323,51.560255,2026-06-25 06:42:31.388994,"Northmen who dwell in and beneath the trees of Mirkwood as loose clans of hunters and gatherers — fair, strong and bearded, and expert climbers at home in the branches. Toward travellers: self-reliant forest folk, wary of strangers but fair to those who respect the woods, and foes of the forest's evils.",8107fb85-1a8a-4d93-8ee6-800cf52f09ca,f,humans,male,,
19,Thranduil's Silvan elves,1.228323,51.560255,2026-06-25 06:42:31.388994,"The Wood-elves of northern Mirkwood, dwelling in caverns and halls under their king — lovers of feasting, song and tongues, keeping to themselves and largely indifferent to Men and Dwarves unless threatened. Toward travellers: merry among their own but guarded with outsiders, suspicious of strangers in their woods and quick to detain trespassers.",9ed792aa-6975-4c93-b75b-55c94d05e492,f,elves,female,,
20,Beornings,1.228323,51.560255,2026-06-25 06:42:31.388994,"A scattered folk of huge, immensely strong men akin to the Woodmen — exceedingly hairy and fair-skinned herders, bee-keepers and woodsmen of the Anduin vales, some said to take bear-shape. Toward travellers: independent and hospitable to friends but fierce to foes, keeping the river-lands clear of orcs and wolves.",c9006cd1-13b3-4fff-bfb2-b645eb5ee614,f,humans,male,,
21,Gondorian farmers,1.228323,51.560255,2026-06-25 06:42:31.388994,"The farming folk of Gondor's heartland vales — Anórien, Ithilien and Lebennin — of mixed Númenórean and local blood, working fields and pastures and supplying the great roads and the river. Toward travellers: settled, ordinary country people, generally peaceable and used to traffic on the roads.",4fece4e4-08d2-47d7-bd3d-d5df7f88ae47,f,humans,male,,
22,Gramuz,1.228323,51.560255,2026-06-25 06:42:31.388994,"Brave, hardy foresters and horse-herders with strong warrior traditions. Toward travellers: tough but honourable folk, wary of strangers though not aggressors.",f1166725-1ac3-4bc6-9d3f-a0a0f3b83446,f,humans,male,,
23,Sagath,1.228323,51.560255,2026-06-25 06:42:31.388994,"Nomadic horsemen and chariot-riders who range the open pastures. Toward travellers: a warlike steppe people, raiders quick to fall upon the unwary.",9d10d07f-a90b-4693-9013-9c1dde5e199e,f,humans,male,,
24,Variags,1.228323,51.560255,2026-06-25 06:42:31.388994,"A brutal, semi-nomadic people of Khand, southeast of Mordor — very dark-skinned, black-haired and red-eyed, tireless horsemen long swayed by Mordor and hardened by constant war. Toward travellers: hostile and warlike, allies of the Enemy — dangerous to meet on their lands or in war.",b1c804af-e57a-4bb1-904f-3247e5506027,f,humans,male,,
25,Wandering Eothraim,1.228323,51.560255,2026-06-25 06:42:31.388994,"Semi-nomadic herders and horse-masters who roam the pastures, clashing with Easterling tribes over grazing-land. Toward travellers: proud horse-folk, wary but hospitable to those who respect them, and hard on trespassers.",3fd89e1f-8a0c-4110-a7ac-92ce4728c0b6,f,humans,male,,
26,Rohirrim Messengers,1.228323,51.560255,2026-06-25 06:42:31.388994,"Riders and military columns of Rohan and Gondor moving along the Great West Road — couriers, troops and supply trains, especially in time of war. Toward travellers: purposeful and in haste; no threat to honest folk, but they will question strangers near the war-roads.",796a2ada-361c-4725-b81b-94dba86ce2b2,f,humans,male,,
27,Urban Northmen,1.228323,51.560255,2026-06-25 06:42:31.388994,"Merchants and settlers of the Celduin valley who came to share in eastern trade — town-dwellers of fortified places, close to Gondor in culture but proud of their Northman roots. Toward travellers: trade-minded townsfolk, generally welcoming to honest dealers.",a14f5326-e687-4ae9-ad10-494bcf0cddca,f,humans,male,,
28,Bandits and deserters,1.228323,51.560255,2026-06-25 06:42:31.388994,"Disaffected soldiers, desperate peasants and local rogues haunting the roads and ruins of the depopulated frontier, caring for nothing but what they can steal. Toward travellers: a direct danger — robber bands that prey on the lone and the laden.",f24f70b7-587e-4eba-9521-f33176c64f19,f,humans,male,,
29,Sea lords of Lebennin,1.228323,51.560255,2026-06-25 06:42:31.388994,"The High Men of Gondor's coast, whose power is rooted in Pelargir and the seaward towns — commanders of fleets and rulers of the province, leading the long fight against Corsairs and Haradan raiders. Toward travellers: proud, authoritative lords of the sea-coast, correct with strangers and watchful for enemies from the water.",c99045c9-ead0-492f-9a74-52928c224145,f,humans,male,,
30,Gondorian Quarrymen,1.228323,51.560255,2026-06-25 06:42:31.388994,"Gondorian labourers who work the ancient stone quarries on the forest's northern margins. Toward travellers: ordinary working men, no threat — a sign of organized Gondorian industry nearby.",99ec0665-b742-461c-bbdf-51a5705e81d1,f,humans,male,,
31,Dwarves of Erebor,1.228323,51.560255,2026-06-25 06:42:31.388994,"Durin's Folk of the Lonely Mountain, using its caverns as halls, mines and treasure-vaults and bound tightly to the trade of the River Running. Toward travellers: proud, industrious and rich, wary of strangers but fair to honest dealers and staunch in alliance.",38c0bfe5-7bde-42ad-8587-f460a2a206e3,f,dwarves,male,,
32,Marshmen,1.228323,51.560255,2026-06-25 06:42:31.388994,"Small, long-lived descendants of the Edain dwelling in the western marshes, living by hunting, fishing, goat-herding and gardening and governed by yearly councils on a holy island; some driven west by the marshes' corruption. Toward travellers: a reclusive, peaceable fen-folk, keeping to their waters and wary of outsiders.",ce1b0165-d4ed-4828-a777-56d4aa27c185,f,humans,male,,
33,Eraguk,1.228323,51.560255,2026-06-25 06:42:31.388994,"Fierce steppe nomads of mixed southern blood, the old inhabitants of the Aegardh, now mostly driven east or scattered into small bandit-like groups by Gondorian pressure. Toward travellers: a displaced, hard-pressed nomad folk, some reduced to raiding to survive.",906015a3-1f45-4e7e-b2c3-388c1cb10891,f,humans,male,,
34,Haruze,1.228323,51.560255,2026-06-25 06:42:31.388994,"Farmers and nomads of the Vale of Harnen, growing sorghum and herding flocks and moving seasonally between Harad and the southern plateaus — a lasting presence even where Gondor claims rule. Toward travellers: southern country folk of contested borderlands, their welcome shifting with loyalties and the season.",c5a3e121-2234-4f2a-8fe8-238db9eb4a0c,f,humans,male,,
35,Gondorian rangers,1.228323,51.560255,2026-06-25 06:42:31.388994,"Border-wardens of Gondor who hold its southern fortresses and patrol the desert roads, keeping the contested marches nominally in hand — thin on the ground and often harried by nomads and enemy agents. Toward travellers: vigilant, hard-pressed king's men; allies to the lawful, sharp with the suspicious.",6eef3cf9-5557-4332-acc4-0c80a917945b,f,humans,male,,
36,Umbarean agents,1.228323,51.560255,2026-06-25 06:42:31.388994,"Captains and intriguers of Umbar who stir the nomad clans against Gondor, using the southern borderlands as a staging-ground and the trade-roads as their target. Toward travellers: covert and dangerous — agitators and spies who work in the shadows against Gondor.",b302e2bc-0c6c-4c63-906a-10ae17b31cb6,f,humans,male,,
37,Tharbad people,1.228323,51.560255,2026-06-25 06:42:31.388994,"The crowded folk of the fen-ringed river-city of Tharbad — merchants, craftsmen, guildsmen, smugglers and refugees — in a town whose rule has slipped from kings to guilds as flood, war and plague wore it down. Toward travellers: a mixed, bustling, sometimes lawless river-city people; opportunity and risk both, depending whom you meet.",b7c21b0d-c385-48ef-9dd8-9387d6803796,f,humans,male,,
38,Rangers of Ithilien,1.228323,51.560255,2026-06-25 06:42:31.388994,"Gondorian rangers who wage a hidden war in Ithilien — stealthy raiders who ambush Sauron's troops from cover and melt back into the wild. Toward travellers: watchful and unseen until they choose; allies to the free, but they challenge strangers in their secret country.",1e9bfa16-7c30-42d4-bfc8-45101f0a74b9,f,humans,male,,
39,Estaravi,1.228323,51.560255,2026-06-25 06:42:31.388994,"Northmen of the Great River valleys; some of their young warriors take service with the Witch-king's hosts, seeking wealth and glory. Toward travellers: ordinary river-vale folk, though some of their fighting men ride with the Enemy — loyalties to weigh with care.",bca15e9a-233e-4d53-bf7a-75dcc15be6fe,f,humans,male,,
40,Princes of Dol Amroth,1.228323,51.560255,2026-06-25 06:42:31.388994,"The hereditary Dúnedain lords of Dor-en-Ernil, ranking just below King and Steward — a line carrying Elven blood, ruling almost as their own masters from Dol Amroth under the silver Swan-ship banner. Toward travellers: noble, gracious and high-bred lords of the sea-coast, courteous to the worthy and commanding in bearing.",05611e91-228f-4ab8-917e-0bd553a0aac5,f,humans,male,,
41,Eredrim,1.228323,51.560255,2026-06-25 06:42:31.388994,"Dunlending-kin highlanders of the Ered Tarthonion, descended from the mountain Daen — rugged village folk under their own chieftains, paying tribute in kind, keeping animist and sometimes dark rites and resisting outside ways. Toward travellers: insular and wary of strangers, clinging to old customs; suspicious, but not always hostile.",ca926d68-6b4e-42eb-b537-1f3c96f5227d,f,humans,male,,
42,Elves of Edhellond,1.228323,51.560255,2026-06-25 06:42:31.388994,"A Sindar-led Elf-haven at the mouth of the Morthond, famed for white swan-ships and as guardians of a sacred wood — Sindar shipwrights and captains over Silvan hunters and fishers, building the fairest ships of southern Gondor. Toward travellers: courteous sea-elves of a hidden haven, gracious to friends and to the worthy.",dbbed084-7bf7-4099-9a73-a6cc8055bdc0,f,elves,female,,
43,Celeborn,1.228323,51.560255,2026-06-25 06:42:31.388994,"Lord of Lórien and consort of Galadriel — a wise Sindarin lord who gives the Golden Wood its military and diplomatic leadership and embodies its ancient traditions. Toward travellers: stately and reserved, courteous to the worthy who enter his realm but exacting of any who come uninvited.",9e0fb2be-d9e2-4160-b2e8-ea83040f95d1,f,elves,female,,
44,Stoors of New Maresh,1.228323,51.560255,2026-06-25 06:42:31.388994,"A small community of Stoor hobbits living in burrows on marsh-hills, travelling by pole-boat and trading herbs and fish, shielded by treacherous wetlands and their own wariness. Toward travellers: shy, peaceable marsh-hobbits, slow to trust outsiders but no threat.",ca5be08c-8bfc-4a61-ad18-a975f513fa61,f,hobbits,male,,
45,Faithful of Arnor,1.228323,51.560255,2026-06-25 06:42:31.388994,"The devout of Arnor who keep monastic houses, hermitages and small enclaves on hilltops and in defiles, joining contemplative life with simple gardening and herding. Toward travellers: peaceable, retiring religious folk, hospitable to the respectful and keeping to their quiet retreats.",60f73f6e-a6f2-4b5a-8d15-55469bdf5a48,f,humans,male,,
46,Merchants,1.228323,51.560255,2026-06-25 06:42:31.388994,Traders moving goods between clans and to the great towns; some fronts hide a smugglers' trade in herbs grown for the Corsairs of Umbar. Toward travellers: generally welcoming dealers and a source of goods and news — though a few serve darker masters behind a trader's face.,68ee828e-f3a3-4140-95e3-74d880961e49,f,humans,male,,
47,Gondorian settlers,1.228323,51.560255,2026-06-25 06:42:31.388994,"Gondorians who garrison the forts and farm the pockets of the eastern marches, guarding the fords and asserting Gondor's claimed dominion. Toward travellers: settled frontier folk and soldiers; correct with the lawful, watchful of strangers near the borders.",a1c0f73d-6c9f-43b6-8848-0fb915b8510c,f,humans,male,,
48,Smugglers,1.228323,51.560255,2026-06-25 06:42:31.388994,"Privateers, pirates and smugglers working from coves, swamps and hidden harbours along the coasts, raiding trade and dodging the king's duties. Toward travellers: lawless and dangerous — they prey on shipping and trust no one they cannot use.",193fc0a9-85c6-49bf-af26-4bfbbf67b942,f,humans,male,,
49,Dwarves of Nan-i-Naugrim,1.228323,51.560255,2026-06-25 06:42:31.388994,"Firebeards and Broadbeams of the Blue Mountains, dwelling in the fourteen holds of their valley and keeping vigorous traditions of smithing and weapon-craft. Toward travellers: skilled, proud mountain-Dwarves; reserved with outsiders but renowned for their work and fair in trade.",2544b3b0-fe67-4ab4-9a4d-8842bd6f6cda,f,dwarves,male,,
50,Elves of Mithlond,1.228323,51.560255,2026-06-25 06:42:31.388994,"The High Elves of Círdan's Grey Havens, who keep the western tower and road and crew the grey ships that bear the Eldar over Sea into the West. Toward travellers: ancient, serene and bittersweet sea-elves; courteous but remote, their faces ever turned toward the West.",767ba610-a31d-4cd7-9ff4-bdb224b679d8,f,elves,female,,
51,Daen Iontis,1.228323,51.560255,2026-06-25 06:42:31.388994,"A militant Dunnish faction bitterly hating the Dúnedain, bound to a temple of harsh, sacrificial religion and pushing for war — a dark twisting of the old Daen beliefs. Toward travellers: fanatical and hostile, above all to anyone of Dúnedain blood; dangerous zealots.",6ab39e95-0bd0-4820-8ccd-ac376357a8aa,f,humans,male,,
52,Angmar veterans,1.228323,51.560255,2026-06-25 06:42:31.388994,"Former soldiers of Angmar settled as freemen in fortified border villages, who farm, patrol daily, escort supply-trains and turn out as troops in war. Toward travellers: hardened soldier-farmers, watchful and disciplined, wary of strangers on the marches.",89c04337-a419-444d-9166-b55db912da7a,f,humans,male,,
53,Corsairs,1.228323,51.560255,2026-06-25 06:42:31.388994,"Descendants of Gondorian rebels who fled to Umbar after the Kin-strife — strong-built, mostly fair Dúnedain stock, long warring with the southern peoples and burning to reclaim Gondor. Toward travellers: hostile sea-raiders and enemies of Gondor, pirates who plunder the coasts and take captives.",d18fcd08-da18-4540-b5c6-7b8eff81e448,f,humans,male,,
54,Dwarf Miners of Harlindon,1.228323,51.560255,2026-06-25 06:42:31.388994,"Dwarves working the coal and iron mines on the eastern slopes of the southern Blue Mountains. Toward travellers: industrious, close-mouthed miners; reserved with strangers but no threat to honest folk.",beb14c2f-1adc-40da-91bf-177af1083f1d,f,dwarves,male,,
55,Men of Rhudaur,1.228323,51.560255,2026-06-25 06:42:31.388994,"Men of the fallen kingdom of Rhudaur, many of whom — land-hungry peasants especially — enlisted in Angmar's armies and later settled as soldier-farmers in fortified villages. Toward travellers: hardened border folk, some still bound to old Angmar loyalties; wary and not always friendly.",f6213a8d-c43d-4dea-9680-9096ca8fadb8,f,humans,male,,
56,Hillmen shepherds,1.228323,51.560255,2026-06-25 06:42:31.388994,"Hardy nomadic herders grazing their sheep through the southern valleys. Toward travellers: tough, self-sufficient hill-folk, guarded with strangers but rarely aggressors.",af9f82a0-f0b7-419c-84b7-5f2e31339980,f,humans,male,,
57,Rangers of the North,1.228323,51.560255,2026-06-25 06:42:31.388994,"Dúnedain rangers who watch the wild northern lands and shadow the movements of the Witch-king's armies — secret guardians of the depopulated North. Toward travellers: grim, unseen protectors; they challenge strangers but defend the innocent and aid the worthy in need.",d35954a3-8475-4536-8061-8ba854037b09,f,humans,male,,
58,Rangers of Arthadan,1.228323,51.560255,2026-06-25 06:42:31.388994,"Frontier shepherds and watch-forts of Arthedain's bleak northwestern marches, grazing the uplands and standing as staging-ground and militia against Angmar. Toward travellers: hard-pressed frontier folk and watchmen, wary on an exposed and war-torn border.",9eef4959-f668-4f30-b245-f4f405948e7e,f,humans,male,,
59,Lumimiehet,1.228323,51.560255,2026-06-25 06:42:31.388994,"A wary snow-people who roam the northern wastes from spring to autumn, camping rough on rocky slopes for days at a time, reserved with strangers and apter to move on than to deal with rough folk. Toward travellers: shy and cautious, but approached gently they can give detailed knowledge of the land, its hazards and its ways.",c6464b02-e47b-4322-b90f-07862a8fd414,f,humans,male,,
60,Tinkers and travellers,1.228323,51.560255,2026-06-25 06:42:31.388994,"Tinkers and peddlers who move steading to steading along the roads, doing odd jobs, selling small goods and carrying news and gossip. Toward travellers: friendly and talkative, a ready source of local news and rumour, and welcome company on the road.",720a4236-4411-48f6-bc40-9b9981370990,f,humans,male,,
61,Rivermen traders,1.228323,51.560255,2026-06-25 06:42:31.388994,"River-folk who ply the Baranduin and other northern rivers, claiming the waters as their own and carrying trade and word between the northern realms. Toward travellers: independent boat-folk, useful for passage and news, but proprietary about their rivers.",c45a0a85-fb39-4f75-8d23-c4d9c670ae4c,f,humans,male,,
62,Beffraen,1.228323,51.560255,2026-06-25 06:42:31.388994,"A primitive woodland folk akin to the Wild-men, dwelling in the dark forests of a remote peninsula — secretive, using treacherous woods and coasts to stay beyond Dúnadan rule and keep their own ways. Toward travellers: shy and elusive, shunning outsiders; wary in their woods but not aggressors unless threatened.",d7dd96e9-d666-49c5-a60d-a489a8c58a1f,f,humans,male,,
63,Celebrimbor,1.228323,51.560255,2026-06-25 06:42:31.388994,"The master-smith who founded the great Elven craft-guild of Eregion — among the greatest smiths of his people and the maker of the Three Elven Rings. Toward travellers: a noble, brilliant craftsman-lord, gracious to the worthy and wholly absorbed in his art.",5b54084b-a9b2-4ccf-b2cd-bc630ab41500,f,elves,female,,
64,Rohirrim,1.228323,51.560255,2026-06-25 06:42:31.388994,"The horse-lords of Rohan — tall, fair, blond and bearded Northmen who live much of the year in seasonal pasture-camps, herding, hunting and fishing; proud riders with old hatreds for Dunlendings and orcs. Toward travellers: hospitable to honest, respectful folk, but suspicious of strangers and swift to challenge intruders on their lands.",8c9a346b-5236-4af7-bb9e-14b4c2f51a87,f,humans,male,,
65,Saralainn,1.228323,51.560255,2026-06-25 06:42:31.388994,"Rowdy, semi-independent clans of the Gwathló mouthlands, their culture a blend of Dunnish ways and refugee influences — providing both raiders and stubborn defenders. Toward travellers: unruly and unpredictable; some hospitable, some quick to rob, depending on the clan and the day.",c89386a2-b71f-4243-ab0d-e15d4094c152,f,humans,male,,
66,Dunlendings Bards,1.228323,51.560255,2026-06-25 06:42:31.388994,"Singers and lore-keepers of the Dunlending clans, carrying genealogies, feuds and grievances in memorized verse; welcome at any hearth, their praise or mockery can make or unmake a man among the clans. Toward travellers: protected by custom and no fighters, but a powerful voice in the clans — and a keen source of local news and feud.",1f91f41e-b157-4d60-9f1b-584cf8ebc0bf,f,humans,male,,
67,Snow-elves (Lossidil),1.228323,51.560255,2026-06-25 06:42:31.388994,"Reclusive Snow-elves of the far polar wastes, keeping an enchanted ice-city and patrolling the frozen north, guarding an ancient radiance and rarely meddling in mortal affairs. Toward travellers: remote, seldom-seen guardians of the ice; aloof, but not hostile to those who mean no harm.",707f6cd9-fdee-4006-96e2-89fcd7b4aa4d,f,elves,female,,
68,Iathrim and Laegrim,1.228323,51.560255,2026-06-25 06:42:31.388994,"Sindar and Green-elves of Harlindon and southern Lindon — many of them survivors of drowned Beleriand — who shape the woodland culture of the western shores, some chafing under Noldorin rule. Toward travellers: woodland Elf-folk of the coast, courteous but reserved with outsiders.",3ebcfc7a-84a2-40d0-9d85-14eeda750738,f,elves,female,,
69,Lindellim (Nandor),1.228323,51.560255,2026-06-25 06:42:31.388994,"Nandor Elves and northern Sindar houses of Lindon, holding parts of its forlands and shores — an old woodland Elven lineage among the western realms. Toward travellers: secretive forest-Elves, wary of strangers but not hostile without cause.",4ddb4f0d-cff8-492d-88ce-8fe319653388,f,elves,female,,
70,Angmarim Soldiers,1.228323,51.560255,2026-06-25 06:42:31.388994,"The mortal soldiery of Angmar — hardened northern fighters in the Witch-king's service, garrisoning his black towers and marching on the Dúnedain; grim and disciplined. Toward travellers: hostile servants of the Iron Crown who hunt and fight all enemies of Angmar.",61f9e281-cc1e-4138-b638-114e1304b1cf,f,humans,male,,
71,Helechoth,1.228323,51.560255,2026-06-25 06:42:31.388994,"A herding-and-hunting sub-folk of the far north, working inland herds across the cold uplands and dealing with both the snow-peoples and Angmar's frontier forces. Toward travellers: hardy northern herders, wary and self-contained on a bleak, contested frontier.",32f1100e-4adb-4881-b64e-0211521fab7c,f,humans,male,,
72,Umli (Half-dwarves),1.228323,51.560255,2026-06-25 06:42:31.388994,"A short, stocky northern folk said to spring from an ancient union of Men and Dwarves — strong, ruddy, red-haired and bearded, supremely hardy in cold but ill-suited to heat, and long-lived. Toward travellers: tough, insular cold-country folk; gruff with strangers but no enemy to honest travellers.",f56448fd-8bf0-4c25-af4a-b0aea9b92337,f,dwarves,male,,
73,Dwarves of Khazad-dum,1.228323,51.560255,2026-06-25 06:42:31.388994,"Durin's Folk in their ancestral glory at Moria, trading ore and craft with the Elves of Eregion in a famed friendship of shared learning. Toward travellers: proud master-smiths and miners at the height of their power; reserved but fair, and staunch friends to allies.",41589eb0-7981-4841-9648-a1aef5f9d2bc,f,dwarves,male,,
74,Merënyetsënyt,1.228323,51.560255,2026-06-25 06:42:31.388994,"A snow-people of the Bay of Forochel who live on drifting icebergs and frozen shores, hunting whales, seals and walrus — short, stocky, fair-haired and astonishingly cold-hardy, though many are lost to the sea. Toward travellers: hardy, isolated ice-hunters, reserved with outsiders but not hostile.",2f60828e-88fc-4e12-98df-27d6e74ce5af,f,humans,male,,
75,Noldorin mystics,1.228323,51.560255,2026-06-25 06:42:31.388994,"An obscure order of Noldorin mystics keeping a hidden valley-haven in the far north — a refuge for the Free Peoples and a base of resistance against the Witch-king. Toward travellers: secretive, wise and benevolent; a hidden help to the hunted who can find them.",121d27ca-c324-4051-afa6-32d488c8f4ae,f,elves,female,,
76,Dunlendings Healers,1.228323,51.560255,2026-06-25 06:42:31.388994,"Wise-women and herb-keepers of the Dunlending clans, tending wounds and sickness with simples, charms and old craft — respected and a little feared, guarding remedies and rites older than Rohan. Toward travellers: a possible source of healing and lore, though wary of outsiders and protective of their secrets.",4c245196-06e2-4481-aa69-d7ad18429751,f,humans,male,,
77,Woses,1.228323,51.560255,2026-06-25 06:42:31.388994,"The Drúedain — an ancient, diminutive forest-people unmatched in wood-craft and woodland warfare, thought ugly and long persecuted by Men and Elves, surviving hidden in the deep woods. Toward travellers: deeply wary and secretive after ages of hunting; no aggressors, but they watch unseen and trust few — yet stalwart friends to those who earn it.",b7757f56-109f-4cfb-bb1e-4e5b8000ff86,f,humans,male,,
78,Broadbeam Dwarf Patrol,1.228323,51.560255,2026-06-25 06:42:31.388994,"A patrol of Broadbeam Dwarves warding the roads and mine-approaches of the Blue Mountains — grim and heavily armed, guarding their holds against orcs and trespassers and keeping the old ways open. Toward travellers: stern, watchful guards, correct with honest folk but quick to challenge strangers near their gates.",c3ffc3f1-f290-482b-a474-53fa5b259a72,f,dwarves,male,,
79,Slaves,1.228323,51.560255,2026-06-25 06:42:31.388994,"Captives and subjugated folk of many origins, worked under the lash to support a warrior elite — broken and desperate people. Toward travellers: pitiable more than threatening, but the desperate can turn dangerous, and where they toil their cruel masters are near.",8c4625b3-a0dc-44c5-bec9-cdee3f87d3da,f,humans,male,,
80,Mithrim Noldor Patrol,1.228323,51.560255,2026-06-25 06:42:31.388994,"A roving Noldor war-band of the Blue Mountains and northern Lindon, watching the passes of the Ered Luin for orcs out of the ruined North and escorting travellers between scattered Elven settlements. Toward travellers: vigilant Elven guards — protective of the free and a help to honest wayfarers, sharp toward anything that smells of the Enemy.",a288de43-4070-432e-abe8-539f969b0ee4,f,elves,female,,
81,Falathrim (Sea-elves),1.228323,51.560255,2026-06-25 06:42:31.388994,"Sea-elves of the western coasts, masters of shipbuilding and sailing — fishers and net-menders in the river-mouths, shipwrights and captains in the havens, crews of the grey ships that ward the shores. Toward travellers: courteous coast-dwelling Elves, bound to sea and ship, reserved with strangers but not unkind.",0cfdd809-57a5-4426-9a95-d7de089d4e51,f,elves,female,,
82,Calenardhons Soldiers,1.228323,51.560255,2026-06-25 06:42:31.388994,"Garrison troops and militia of Calenardhon — Gondor's grassland province before Rohan — holding its forts, fords and roads against orcs and Dunlending raiders out of the hills. Toward travellers: disciplined king's soldiers, allies to the lawful and watchful of strangers on a raided frontier.",eb3162fb-837f-43c8-a75b-237b4ecbe6f6,f,humans,male,,
83,Urban Men,1.228323,51.560255,2026-06-25 06:42:31.388994,"A broad label for the town and city folk of Eriador and Gondor — the common people of places like Bree, Tharbad, Pelargir and Minas Tirith — of mixed blood and every trade. Toward travellers: ordinary townsfolk used to strangers and traffic, their welcome ranging from busy indifference to friendliness or suspicion.",5aaceb51-4a0c-4606-9177-509739bc187a,f,humans,male,,
84,Bree-landers,1.228323,51.560255,2026-06-25 06:42:31.388994,"Mixed folk of Bree — Men of various stocks and hobbits together — living in and around a hedged, trench-ringed village at a great crossroads, once a busy trade-town and now somewhat faded. Toward travellers: used to strangers and the road; generally welcoming but cautious, with a homely, gossipy good sense.",227f3bd4-75f2-42ce-890e-e03e816d45b3,f,humans,male,,
85,Dorwinrim,1.228323,51.560255,2026-06-25 06:42:31.388994,"The folk of Dorwinion by the Sea of Rhûn — of mixed Northman and Easterling blood, somewhat stocky and fair with a faint yellowish cast — a people of the wine-lands between the great realms. Toward travellers: traders and vintners of the eastern marches whose welcome depends on the dealings and the day.",58964860-bbd7-4604-a4dd-fc3528f406bf,f,humans,male,,
86,Asdriag & Sagath Soldiers,1.228323,51.560255,2026-06-25 06:42:31.388994,"Easterling warriors of the lands beyond Rhûn who ride under Sauron's banners as auxiliaries — horse-borne, lightly armed, fighting for plunder and dark lords' promises. Toward travellers: hostile raiders of the eastern marches, a danger to any of the free peoples they meet.",a7960e0e-d0a3-48e2-b1c9-76e4c5949413,f,humans,male,,
87,Beijabar of Nan Anduin,1.228323,51.560255,2026-06-25 06:42:31.388994,"A Northman folk of the Anduin vales akin to the Beornings — bee-keepers, herders and woodsmen who hold the river-lands and keep them clear of orcs and wolves. Toward travellers: independent folk, hospitable to friends but fierce to foes.",1709ce8b-56ae-48dc-a3f7-ed31708fd6fb,f,humans,male,,
88,Dunedain Traveller,1.228323,51.560255,2026-06-25 06:42:31.388994,"A lone Dúnadan on the road — one of the long-lived, far-wandering Men of Westernesse, abroad on some errand of their own; grave, courteous and watchful. Toward travellers: a doughty, honourable companion who keeps their lineage and purpose close.",f01c1f88-c9dc-4969-858a-6c138ca63e24,f,humans,male,,
89,Falathrim Fisher Sailor,1.228323,51.560255,2026-06-25 06:42:31.388994,"Sea-elves of the Lindon coast met at their daily craft — casting nets in the river-mouths, mending boats on the strand, working a small smack along the gulf — weathered and unhurried, knowing every current and tide. Toward travellers: calm, courteous coast-folk and a good source of passage and sea-lore for the respectful.",ab436ad7-7281-41e9-81c6-d9aa27cd6302,f,elves,female,,
90,Dunlendings Priests,1.228323,51.560255,2026-06-25 06:42:31.388994,"Keepers of the old Dunlending faith — leaders of rite and sacrifice who tend the clans' ancestral spirits at hill-shrines and standing stones, holding great sway and deep suspicion of outland gods and ways. Toward travellers: powerful and insular, hostile to outsiders who meddle with their rites or sacred places.",6b65b92e-8ec2-4b8c-90ac-d3bdbb84a10f,f,humans,male,,
91,Dunlendings Warriors,1.228323,51.560255,2026-06-25 06:42:31.388994,"Fierce clan-warriors of Dunland with spear, axe and round shield, nursing an old hatred of Rohan for lost lands, fighting in loose bands under their headmen and raiding the Westfold when they can. Toward travellers: dangerous and quick to violence, above all toward Rohirrim and their friends.",003f58d5-cd79-4a70-82a4-5b86b1581610,f,humans,male,,
92,Dwarf Prospector,1.228323,51.560255,2026-06-25 06:42:31.388994,"A lone Dwarf or small party searching the roots of the Blue Mountains for fresh seams of iron, coal or precious metal — secretive about finds, ranging the high valleys with pick, lamp and a keen eye for stone. Toward travellers: gruff and close-mouthed about their work, but no threat to honest folk.",e78ed9a7-29cf-4e99-b958-6b98ce841e99,f,dwarves,male,,
93,Foreigners,1.228323,51.560255,2026-06-25 06:42:31.388994,"Men from distant lands marked by strange dress, speech and custom — traders, envoys, mercenaries or wanderers far from home. Toward travellers: regarded with curiosity or suspicion, their intent unknown until shown — anywhere from friendly to dangerous.",4788b0d8-7d01-4716-ac70-7b19726d63c5,f,humans,male,,
94,Dyrians,1.228323,51.560255,2026-06-25 06:42:31.388994,"Folk of Dyr in the eastern marches near the Sea of Rhûn — traders, herders and rivermen living between the great realms, prizing their wine, horses and hard-won independence. Toward travellers: proud, self-reliant border-folk; fair traders, wary of being ruled.",cfe04839-dd5b-431a-abc1-b9a76feea98a,f,humans,male,,
95,Farmer Woodsman,1.228323,51.560255,2026-06-25 06:42:31.388994,"Settled country folk working a farm or stretch of woodland at the edge of the wild — tilling, herding, felling and charcoal-burning; hospitable but guarded, and the first to suffer when raiders or beasts come out of the wilderness. Toward travellers: kindly to honest folk and a source of food and shelter, but wary on an exposed frontier.",4be8ce2e-bc95-4905-8fa8-8bc6dfb014b1,f,humans,male,,
96,Dwarf Merchant,1.228323,51.560255,2026-06-25 06:42:31.388994,"A Dwarven trader on the road with a laden pony or wagon, dealing in metalwork, tools and weapons between the Dwarf-holds and the towns of Men and Elves — a shrewd bargainer travelling well-guarded. Toward travellers: open to trade and news, canny and close with their accounts, but fair to honest dealers.",0be376e4-b51b-4a37-a4ac-965de7ec70c0,f,dwarves,male,,
97,Hobbits,1.228323,51.560255,2026-06-25 06:42:31.388994,"A rare meeting with hobbits beyond their usual haunts — small, soft-spoken folk easily overlooked, usually a family or two strayed from the settled lands. Toward travellers: shy of big folk and quick to slip from sight, wanting little more than to be left to their meals and pipes.",3037a73b-8562-4b20-8462-552397c4c406,f,hobbits,male,,
98,Fisherfolk,1.228323,51.560255,2026-06-25 06:42:31.388994,"Folk who live by the water — netting fish, gathering shellfish along the shores, poling boats through the shallows — weathered, close-knit, and reading the water better than any map. Toward travellers: settled waterside folk, helpful for passage and food, keeping to their own stretch of bank or coast.",72df59f3-75b5-4111-94ce-c77362c6b450,f,humans,male,,
99,Cultirith Patrol,1.228323,51.560255,2026-06-25 06:42:31.388994,"A patrol of soldiery from the stronghold of Cultirith, warding its district against raiders and brigands, keeping the roads and challenging strangers in their lord's lands. Toward travellers: lawful men-at-arms; no threat to the honest, but they will stop and question those who pass.",2ec665b3-5555-4b8c-9c2f-6cc4e9732727,f,humans,male,,
100,Hillmen,1.228323,51.560255,2026-06-25 06:42:31.388994,"Rough hill-dwelling folk of the uplands — herders, hunters and raiders who answer to clan and feud rather than king, hardy and clannish, holding the high valleys softer folk avoid. Toward travellers: wary of lowlanders and quick to arms; their welcome depends on clan and circumstance.",9465fdad-d9f9-4165-be49-a57b70092638,f,humans,male,,
101,Tribesmen,1.228323,51.560255,2026-06-25 06:42:31.388994,"Folk of a clan or tribe beyond the settled realms — hillmen, marsh-dwellers, herders or hunters bound by kin and custom rather than king. Toward travellers: proud and wary of outsiders, peaceable if respected but fierce in defence of their own ground.",1743d63f-3886-46b9-88a7-681b8a013343,f,humans,male,,
102,Gondor Garrison Patrol,1.228323,51.560255,2026-06-25 06:42:31.388994,"Soldiers of a Gondorian garrison on their rounds — keeping the walls, roads and watch-posts, checking travellers and watching the borders; disciplined men of the South Kingdom. Toward travellers: courteous to the lawful and hard on the suspect; they will stop and question strangers.",8fb2d1a5-c6fd-4a6d-85d9-c32dbe6de7f5,f,humans,male,,
103,Horsefolk Éored,1.228323,51.560255,2026-06-25 06:42:31.388994,"A mounted troop of the horse-folk ranging the grass-plains in war or on patrol — swift, disciplined and deadly with spear and bow from the saddle, covering ground no footman can match. Toward travellers: formidable riders; no threat to honest folk, but they will ride down and question strangers on their lands.",b658e758-b9ff-40e4-94fe-bae2612d0fc9,f,humans,male,,
104,Hobbit Wanderer,1.228323,51.560255,2026-06-25 06:42:31.388994,"A lone hobbit far from home — an oddity among his kind, driven by restlessness, exile or some half-mad errand; footsore and out of place yet surprisingly hardy, turning up in the strangest corners of the world. Toward travellers: harmless and out of his depth, but good company and tougher than he looks.",89ac7fb7-56ea-40fb-96ee-80b03e5ff5f0,f,hobbits,male,,
105,Laegrim Ranger,1.228323,51.560255,2026-06-25 06:42:31.388994,"A ranger of the Green-elves warding the eaves of the forest realms — a silent woodsman and deadly archer who patrols the wild marches, shadows intruders and keeps the old paths. Toward travellers: unseen until he chooses; a guardian who watches strangers closely and aids the worthy.",02dcbc70-8105-43f4-bfd1-03c085bc4539,f,elves,female,,
106,Merchants & Traders,1.228323,51.560255,2026-06-25 06:42:31.388994,"Traders plying goods between towns and lands — cloth, metalwork, salt, wine and small luxuries — with a laden pony, pack or guarded wagon; shrewd, talkative, carrying news as readily as wares. Toward travellers: welcoming and useful for goods and news, canny in a bargain but no threat.",d9196a81-aa97-4c5c-9cf6-42bbf02630d6,f,humans,male,,
107,Minas Ithil Courier,1.228323,51.560255,2026-06-25 06:42:31.388994,"A rider bearing messages to and from Minas Ithil — an honest courier of Gondor in the realm's good days, but a servant of the Nazgûl carrying foul word once the tower became Minas Morgul. Toward travellers: in good times a lawful messenger; in evil times something to avoid — its errand is dark.",8b647932-ab11-483a-8b52-d8dd6d358455,f,humans,male,,
108,Nobles & Leaders,1.228323,51.560255,2026-06-25 06:42:31.388994,"A person of rank abroad with their retinue — a lord, lady, captain or chieftain on some errand of state, war or kinship, travelling attended and armed. Toward travellers: they expect deference and can prove a powerful friend or a perilous enemy; mind your manners.",a59bf43b-ed5d-42c4-a0aa-ab02192000cd,f,humans,male,,
109,Dwarves,1.228323,51.560255,2026-06-25 06:42:31.388994,"A chance meeting with Dwarves on the road — usually a small party travelling between their mountain-holds and the markets of Men — blunt, watchful and quick to take offence or oath, keeping their own counsel. Toward travellers: gruff and guarded but honest, fair to fair dealing and staunch once a bond is made.",161596f3-a22b-405e-8228-f80aa7f658fc,f,dwarves,male,,
110,Scout Elves,1.228323,51.560255,2026-06-25 06:42:31.388994,"Elven scouts ranging the wild country about Rivendell and the Trollshaws, watching the fords and old roads — moving unseen, marking the passage of orcs and brigands and carrying word swiftly home. Toward travellers: hidden guardians who observe strangers before showing themselves, and help the worthy in peril.",684a6158-7350-4576-99ec-780c9bc18546,f,elves,female,,
111,Sailors,1.228323,51.560255,2026-06-25 06:42:31.388994,"Seafaring and river-going men met in port or aboard ship — crewing trade-vessels, fishing boats and ferries; hardy, superstitious and free with a tale, knowing the coasts, currents and harbours. Toward travellers: easy company and a source of passage and sea-lore, harmless ashore unless badly crossed.",110d79f1-e19e-45f0-9ba2-9b740d8b675b,f,humans,male,,
112,Pirates,1.228323,51.560255,2026-06-25 06:42:31.388994,"Sea-raiders who prey on coastal shipping and settlements, putting in to plunder and slipping away with their spoil — lawless and dangerous, sometimes in league with the Corsairs, sometimes for themselves. Toward travellers: a direct danger by sea and shore; they rob, take captives and kill.",a2dd5045-97d5-4ee9-b6b5-db32b00378ea,f,humans,male,,
113,Brigands & Outlaws,1.228323,51.560255,2026-06-25 06:42:31.388994,"Lawless men of the road and wild — robbers, deserters, broken soldiers and hired ruffians who prey on travellers and lone farms, banding where order is weak and scattering before real force. Toward travellers: a direct danger; they demand toll or plunder at knife-point but break before a strong, armed party.",d50e3b55-0211-473d-948f-4fc2c725f9f1,f,humans,male,,
114,People Fur Trappers,1.228323,51.560255,2026-06-25 06:42:31.388994,"Men who range the northern woods trapping beasts for pelts — solitary, hardy and weather-worn, coming to town only to sell furs and resupply before vanishing back into the trees. Toward travellers: gruff loners and no threat, a possible source of guidance and trade in the deep wilds.",cdf657be-8537-4e0f-8035-5b276f9948fd,f,humans,male,,
115,People Hunters,1.228323,51.560255,2026-06-25 06:42:31.388994,"Men who live by the chase — hunting game in forest, hill and fen for meat and hides, skilled with bow and snare and at home far from any settlement, reading sign townsfolk would miss. Toward travellers: self-reliant woodsfolk, helpful and knowledgeable, wary but rarely hostile.",8c416bde-35cb-4dde-8a51-7a7e8fdf2b1d,f,humans,male,,
116,People Reed Peat Cutters,1.228323,51.560255,2026-06-25 06:42:31.388994,"Marsh-folk who cut reed for thatch and dig peat for fuel, working the bogs by flat-bottomed boat — poor and little regarded, but knowing the safe paths through mires that swallow the unwary. Toward travellers: humble fen-folk and a precious guide through treacherous marsh for those who treat them kindly.",39c61ab9-5189-42bf-baad-57ab3205dfcc,f,humans,male,,
117,Elves,1.228323,51.560255,2026-06-25 06:42:31.388994,"A chance meeting with Elves abroad — usually a small party on the road: travellers between the havens, a company keeping to the dusk, or hunters far afield. Toward travellers: courteous but reserved with strangers, gracious to the worthy, and seldom lingering long.",4e91aa11-52ab-4689-9d9d-5dfcb02f2310,f,elves,female,,
118,Merchant Caravan,1.228323,51.560255,2026-06-25 06:42:31.388994,"A train of merchants travelling together for safety — wagons, pack-beasts and hired guards strung along the trade-roads; a rich prize for brigands, and so rarely seen without an armed escort. Toward travellers: welcoming and a source of goods and news, well-guarded and wary of ambush.",5b75366c-61af-4ded-a618-1ec0394a379c,f,humans,male,,
119,Pilgrim Wanderer,1.228323,51.560255,2026-06-25 06:42:31.388994,"A lone traveller on a journey of faith or penance, bound for some shrine or vow far from home — footsore and single-minded, trusting to charity and to the protection their purpose is thought to grant. Toward travellers: harmless and devout, glad of kindness and company and no threat.",d76349ce-2b8a-4fc2-96da-0e6e4e4e0efb,f,humans,male,,
120,Pilgrim to Mithlond,1.228323,51.560255,2026-06-25 06:42:31.388994,"An Elf making the last journey west to the Grey Havens to take ship into the Undying Lands — passing quietly through Lindon, alone or in small companies, thoughts already on the sea and the weariness of ages plain upon them. Toward travellers: gentle and sorrowful, wholly turned westward; courteous but already half-departed from the world.",28db3cbe-1eb3-43fb-b8ac-f91478ebf69a,f,elves,female,,
121,Plague Refugee,1.228323,51.560255,2026-06-25 06:42:31.388994,"Folk fleeing pestilence — driven from a stricken town, carrying what little they could and perhaps the sickness itself; desperate and shunned, begging shelter and food. Toward travellers: pitiable but a real danger — the wary turn them away for fear of the plague they may carry.",a15e6460-6717-4ced-b4f5-602aa7c5ea19,f,humans,male,,
122,Renegade Elf,1.228323,51.560255,2026-06-25 06:42:31.388994,"An Elf who has forsaken his people — outlawed for some old deed, soured by grief, or gone solitary and strange in the wild — wary, unpredictable, and answering to no lord. Toward travellers: a wild card who may aid a stranger as readily as rob one, and not to be trusted on sight.",4f5629b1-3cc8-4e37-8938-4809b169a316,f,elves,female,,
123,Sindar Guardian,1.228323,51.560255,2026-06-25 06:42:31.388994,"A Sindarin warden set to keep some threshold of the Elven lands — a ford, a forest-eaves, a hidden path — silent and watchful, clad to melt into wood and shadow. Toward travellers: challenges intruders from hiding but speeds friends quietly on their way; a guardian, not a hunter.",583dedb1-f86c-4c23-8b0c-5b5adfae70ee,f,elves,female,,
124,Sea Captain Sailor,1.228323,51.560255,2026-06-25 06:42:31.388994,"An Elven ship-master of Círdan's folk, commanding one of the grey vessels of the Gulf of Lhûn and the Harlindon coasts — long-sighted and sea-hardened, carrying messages, goods and passengers between the havens, and at the last those bound west. Toward travellers: courteous and capable, a means of passage and sea-lore for the worthy.",a4b1aa2b-a17b-4a91-ae1c-664acde439e9,f,elves,female,,
125,Scouts,1.228323,51.560255,2026-06-25 06:42:31.388994,"Lightly-armed men ranging ahead of a larger force or watching a stretch of country — outriders, foresters and trackers in someone's service, keeping out of sight and carrying word swiftly back. Toward travellers: watchful and elusive; whether they help or hinder depends on whom they serve.",c74a5339-1b6f-481a-9705-a85cad456d93,f,humans,male,,
126,Rivermen,1.228323,51.560255,2026-06-25 06:42:31.388994,"Men who live and work the great rivers — boatmen, ferriers, fishers and traders moving goods and folk by water, knowing every shoal and landing and keeping a shrewd independence from the land's lords. Toward travellers: useful for passage and river-lore, independent-minded but generally fair to honest custom.",9b28ea4a-ab57-444e-b488-2de8ee4a852b,f,humans,male,,
127,Slaves and Guards,1.228323,51.560255,2026-06-25 06:42:31.388994,"A coffle of captives driven under armed guard toward the markets or some master's labour, herded by hard-eyed keepers — the guards watchful and brutal, the slaves broken but alert for any chance to flee. Toward travellers: the guards are violent and suspicious; the slaves may beg aid or seize a chance to break free.",d4dda60f-0d5e-4e83-b204-e7660d77cf08,f,humans,male,,
128,Southerners,1.228323,51.560255,2026-06-25 06:42:31.388994,"Men of the southern lands — Haradrim and their neighbours, dark-haired and richly or strangely arrayed — met as traders, envoys, mercenaries or soldiers far north of home, often eyed with mistrust in the West. Toward travellers: their intent varies by errand and allegiance; treated with suspicion in northern lands, friend or foe by circumstance.",1c5bd70e-4d0a-4572-850c-cd2deb200b57,f,humans,male,,
129,Thieves & Smugglers,1.228323,51.560255,2026-06-25 06:42:31.388994,"Footpads, cutpurses and smugglers working the towns, fairs and trade-roads — moving stolen goods and contraband, slipping tolls and gates, and lightening the purses of the unwary. Toward travellers: quick-fingered and quick to vanish, a danger to your goods and gold rather than your life — but dangerous if cornered.",e6cf8151-140f-436a-86e5-892cdb7fbd8c,f,humans,male,,
130,Spies,1.228323,51.560255,2026-06-25 06:42:31.388994,"Agents on secret business — watching roads and garrisons, carrying word, or worming into the trust of the powerful — passing as travellers, merchants or servants. Toward travellers: outwardly harmless but dangerous in what they serve; a careless word to one may travel far.",503fe564-a868-45ef-b0bf-fd0bbcd066f0,f,humans,male,,
131,Wandering Company,1.228323,51.560255,2026-06-25 06:42:31.388994,"A band of folk travelling the roads together — players, pilgrims, displaced families or companions on a long road — sharing fire and the safety of numbers. Toward travellers: friendliness and fortunes vary, but a company on the move always carries news from afar and welcomes company on a lonely stretch.",85d071e3-de44-4d3f-b1de-8e3b0134fd7d,f,humans,male,,
132,Wild Hobbits,1.228323,51.560255,2026-06-25 06:42:31.388994,"Hobbits living rough at the edges of settled country — in the eaves of old forests, hedges and lonely downs — warier and more weather-hardened than their kin, trusting no big folk and vanishing into bracken at the first alarm. Toward travellers: shy and elusive and no threat, gone from sight before you know they were there.",2c4156c5-245b-463d-b5c9-00bafd742c28,f,hobbits,male,,
133,Solitary Dwarf,1.228323,51.560255,2026-06-25 06:42:31.388994,"A single Dwarf met far from any hold — a wanderer, exile, craftsman seeking work, or one bent on a private errand or grudge; gruff with strangers but steadfast to those who earn it. Toward travellers: wary and close-mouthed but honest and stout-hearted, a good companion once trust is won.",0bd5c0bf-1caa-41a9-80a5-694fe3046ce0,f,dwarves,male,,
134,Armed Patrol,1.228323,51.560255,2026-06-25 06:42:31.388994,"A body of armed men watching the roads, borders and marches of a realm — soldiers, militia or a lord's riders — challenging strangers and hunting bandits and raiders. Toward travellers: their temper depends on whose land it is and how the times sit — lawful aid or stern suspicion.",c45fe0fe-a440-470f-8bd3-a99b0e8a61c6,f,humans,male,,
135,Elven Wandering Company,1.228323,51.560255,2026-06-25 06:42:31.388994,"One of the roving Elf-companies that cross the lands at dusk, singing as they go, keeping to the old paths between the havens and the eastern realms. Toward travellers: gracious and otherworldly; they share fire and counsel with the worthy and are gone by morning.",01151892-afea-4643-8468-93d9ccdd75d1,f,elves,female,,
136,Travellers,1.228323,51.560255,2026-06-25 06:42:31.388994,"Folk upon the road for their own reasons — bound for market or kin, fleeing hard times, or simply going from town to town — usually harmless and glad of company on a lonely stretch. Toward travellers: generally friendly fellow-wayfarers, though the road draws all sorts and not every one is what they seem.",0e26195f-6832-4fce-99a3-e62d39df1c7a,f,humans,male,,
137,Military Unit,1.228323,51.560255,2026-06-25 06:42:31.388994,"An organized force of soldiery on the move — a company, column or picked band marching to muster, garrison or war under its captains; disciplined and well-armed. Toward travellers: no foe for a small party and brooking no interference — lawful or hostile by whose banner it bears.",cdd8078c-a1cf-4102-a5f5-63b1a6ac3da4,f,humans,male,,
138,Elven Loremaster,1.228323,51.560255,2026-06-25 06:42:31.388994,"A wandering Elven sage — keeper of histories, songs and ancient craft — journeying between libraries, ruins and the houses of the Wise, who remembers Ages Men have wholly forgotten. Toward travellers: gracious and generous with knowledge to the courteous, a priceless source of lore and counsel.",76b67120-b87d-4d92-9782-df3d709041a1,f,elves,female,,
