id,external_id,name,location_type,population,race,description,region,image_url,geom_wkt
437,00e5f2d229a2edcf3766d67af82c63af,Gwaerost,castle,50,,,,,POINT(2.943926 40.441266)
438,033f56d8b661b104d5a147e1a75be0b1,Rond Deren,manor,15,,,,,POINT(6.361441 43.005169)
439,03d2ab1b44e07dd4eda050853c7d7a9e,Tarmabar,fortress,82,,"The Tarmas were second only to the King, but had a history of subordination against the throne. Surprisingly, his seat of power was not a well-defended fortress, but rather a pleasant, open estate filled with dozens of relatives, close relatives, and servants. In the Third Age, Tarmabar became a secret refuge for the Northern Rangers. The ancient ruins were known to the Hobbits as ""Nob Hill"".",,,POINT(-2.10898 52.659012)
441,04e3220ac767492d0a7e4a40af1cf5f7,Sunthra Unsar,city,6000,Dunlendings,"Originally built under the name ""Mistalonde"", the ancient name of the city of Suduri in Minhiriath appeared in any record from the middle of the Second Age until the capture of the city by Gordaig of Saerlann in T.A. 1503 who renamed it ""Sunthra Unsar"". After being rebuilt, the ancient Cardolandren city became the seat of power of the Saerlannish or Dynion clan. Almost all the inhabitants were mountaineers.",,,POINT(-0.338526 47.295549)
442,0573bacfdc7be405711b2229aac84155,Eolburg,town,220,Northmen,"Buhr Ailgra is one of the few permanent colonies of
the eothraim, who follow the migratory movements of their flocks across the plains of Rhovanion. The village is a simple community with houses built of straw and peat, and is surrounded by a sturdy earthen fence.",,,POINT(22.190484 50.535117)
443,05bfff19fd4ef4921a8ab483a9a1606e,Oatbarton,town,200,Hobbits,"In the old days of Arthedain and the early days of the Shire, the region of Oatbarton was later the location of an ancient Arthadan settlement known as Barrow. Obabarton was a Hobbit town and farming colony. The name was Breeland slang meaning ""oats and barley sausage.""",,,POINT(-1.144238 51.970683)
444,06a832f049e40fd2956c67aafa4b97b4,Tir Elena,town,490,Gondor,,,,POINT(17.042721 43.969903)
445,0780dc18f26046f385079adf790b14cb,Nornhabar,dwarven mine,84,Dwarves,"The dwarven population varied considerably, having reached its peak in the Second Age. It was mainly abandoned before the War of the Last Alliance and, although never completely deserted, was (around 1643) dilapidated. The population ranged between the dozens.",,,POINT(-6.24766 50.463435)
446,095f5496d06b45426748380218dd28bc,Balost,castle,132,Eriadorians,,,,POINT(0.84075 48.028125)
447,097732fb0cf5be220774f197e7b5e939,Lindabad,manor,20,,,,,POINT(3.339786 42.953196)
448,09ebe7fb2ead8fce2e13bcb494347b54,Hwarin,village,100,,,,,POINT(1.579458 39.692717)
449,0a4b4faabc031f6513c920b1a7889659,Frogmorton,town,200,,"A successful community, still holding its open-air meetings on the hill south of the town, its central location on the Great East Highway made it an ideal location for regional meetings. Frogmorton Market was at the bottom of the hill.",,,POINT(-0.546626 51.552754)
450,0ad87f9426e41d0331a292db56e11def,Cair Andros,fortress,560,Gondor,,,,POINT(17.804309 44.121168)
451,0b2e6a36edcefc06e5f110a065fd8a4b,Beldwin,fortified city,475,Gondor,"Beldwin lay just south of the River Isen, near an ancient bridge, still in use, built by the Dúnedain in ancient times. In the days of the Riddermark, it was renamed Fréaham and became the main settlement of Westmarch.",,,POINT(6.583805 46.066796)
456,125192817421a689c47d02e86b8e7513,Calembel,city,2000,Gondor,"The main town of Lamedon was Calembel (S. ""Greenham""). It was conveniently located on a slope east of the fords of Cyril, on the road linking the center of Gondor with the mining communities of the southern White Mountains, where people from across Lamedon and the northernmost part of Mornan traded goods with each other and with merchants in the capital. The city was essentially a trading post, supply center, mineral trade and served the needs of the people of Lamedon and the provincial government of Ost-en-Girilthir. Most of the ore was shipped directly to Linhir and Pelargir.",,,POINT(11.577131 43.689014)
457,12861aa0bb58c19dd55228f70e240f6b,Ciudad de Bree,city,1500,,"Bree is the largest city in Breeland, a region of Arthedain that is peaceful, agricultural, and largely self-governing. The city is built around a large hill and is protected by a formidable dyke topped by a thick hedge. Numerous Hobbit holes can be found. on the flanks of the Bree Hills. Both men and hobbits live in Bree, making it one of the few places in Middle-earth where cooperation between people of different races occurs. Due to its central location, Bree sees many strange people passing through its streets, and the city is a perfect place to acquire or sell information.",,,POINT(1.228323 51.560255)
458,13328700f334769383730b40c93d2add,Greenholm,town,310,"Humans, Hobbits, Silvan Elves","It was a quiet and peaceful outpost of a few Arthadan families coexisting with a few Elves living nearby in the middle of the Third Age, helping to observe the comings and goings of mortals for the lords of the Havens and a handful of Hobbits, tending traffic. . One of the Elves, Sinda Calenlinn, was an expert herbalist fond of fermented grains.",,,POINT(-3.382751 51.39257)
452,0d1123b21ecdf4915a1414dfbdc79bd8,Minas Thonfalon,ruins,,,"Ruined tower. The ruin was located in the middle of the ""Swamp Coast"", and its foundations were slowly sinking into the waterlogged ground.",,,POINT(-3.694613 47.422739)
455,0fefd0115eb8dc430522a1ee0368e24e,Haerlond,point of interest,,,,,,POINT(1.892833 40.529686)
460,1534c928808a039095dd49e5eb3d37b9,Lomost,fortress,120,Gondor,,,,POINT(3.325376 40.91388)
461,155d4c11e6dc874f9b09cb0dd0f37f1b,Ethring,city,1300,,"Ethring (S. ""Cold Spring"") was just a city with its 1,300 souls, established during the Gondorian conquest on the eastern bank of the Ringló at the junction of the Rathon Arat. Its name was derived from the icy waters that flowed from nearby mountain streams. The upper Ringló Valley counted as part of Lamedon and was a sparsely populated intermediate region on the border of Lebennin. Most of the large farms in Lamedon were in the area, and Ethring became a large market town at harvest time, taking advantage of the traffic along the Gondor Road and serving the needs of the surrounding area and of travelers heading west or east. Mining and blacksmithing were among the subsidiary industries. Like the other cities of Lamedon, Ethring maintained a ""rustic"" feel, especially in comparison to the busy seaports of Gondor. Locals in Ethring and other nearby towns were more likely to be suspicious of strangers and peculiar behavior than their more worldly relatives, and travelers had to work hard to blend in.",,,POINT(12.41734 43.320786)
464,16cbb3fddb6eb25580cda7bcfc7f71e9,Harlond,city,650,,"Harland is a nicer place than Forlond or Mithlond, a place of simple pleasures rather than great achievements. Almost invisible from the sea, Harland hides behind a promontory that protects it. Few of the large swan ships depart from this port, although many small elven pleasure craft anchor here before setting sail.",,,POINT(-8.135416 50.782548)
465,1978c4880d101efe741d9f6709199d4f,Eithel Thurin,town,620,Corsairs,"Eithel Túrin (S. ""The Well of Túrin"") was a quiet village of several hundred, situated halfway between Methir and Barad Harn. It was founded in T.A. 932 by Gondorian veterans who had been wounded in the fight against Haruze and Umbarea.",,,POINT(13.750343 39.180084)
466,19f01cb59625b48166dd6ffef0991750,Minas Arthor,city,5000,Gondor,"Minas Arthor, once the capital of Arnach, was situated at the crossings of the Erui, where there had been a settlement for as long as the chronicles could see. The city was founded at the beginning of the Third Age, and soon became the center of the prosperous agricultural district.",,,POINT(16.769285 42.493854)
467,1a056b5e31d35c42e643f9f716ee1b84,Lond Rhaen,village,120,,,,,POINT(0.966925 39.862769)
468,1a43bb9d28424d1c7a09348ba2f53e46,Mirimar,city,560,,,,,POINT(-10.308741 52.60319)
469,1c4692f658908ed6ebfc090f4b3ab0a5,Bar Astirian,manor,20,,"Astorion Manor (S. ""Bâr Astorion"") was the former home of House Astorion, a noble Gondorian family. It was situated on the outskirts of the Entwash Mouths, north of Min-Rimmon, where the family had extensive lands.",,,POINT(14.603374 45.026475)
471,221d7d6f3912b1b81ab7b3186ce88fb3,Gram,dwarven mine,1000,orcs,"The Witch King's servants have erected a fortress
mountainous on the southern branch of the Mountains
Cloudy that forms the Nan Angmar. Grames the strength
most important orca to the west of the mountains, and no man has managed to escape alive from its depths to be able to coherently explain its interior.",,,POINT(7.71789 54.443782)
473,22fe3e29220c0d9a82bfb2680d8b854a,Tharbad,city,21345,,"Since the fall of King Ostoher in the year 1410 TE, the ancient Numenorean port of Tharbad has been losing the glory it once possessed. However, Tharbad is still much larger and more impressive than any other urban center in Eriador. The petty rivalries present among the surviving princes of
Cardolan materialize in fights and disputes between the different guilds and factions within Tharbad.
The city's thieves are gaining in power and daring
to each passing season, and the Plague refugees do not
They are more than another problem for the administrators of the
city. Gondor's stationed officer in Tharbad, the
Boating, keeps the peace as much as possible, but the
city seems destined for self-destruction. Only the
importance of Tharbad as the main commercial center of
All the lands north of Gondor keep the city alive.
Goods from all over the Earth
They pass through Tharbad on their way to the rich estates of Cardolan and Arthedain, although there seems to be very little wealth in the homes of the poor citizens of Tharbad.",,,POINT(3.094174 48.841242)
475,23a6ef21a52eb11823391f20df3fc5a7,Bar Engui,village,60,,,,,POINT(-0.162456 40.376272)
462,15ba230084a51abb21a6873b76a635a0,Fornost Erain,fortified city,3100,Dúnedain,"Located on a steep rise on the southern slopes of the North Downs, Fornost had been both a fortress and a town. It was chosen to be the royal seat of Arthedain after the sack of Annúminas in T.A.1409. Since then, a somber mood had permeated all aspects of life at court, as the Dúnedain were ever ready to face another assault from the Witch-King. Despite, or perhaps because of, the ever-present threat of Angmar, the people of Arthedain were a spiritual people dedicated to introspection. The wisest scholars and largest library of the Northmen were at Fornost.",,,POINT(1.475915 53.015801)
463,1691e47321554c359e67eaa3f4b72b85,Galenros,point of interest,,,,,,POINT(-6.386798 53.375535)
470,212b1c186141ab63909ccb43e5d88c00,Ossarnen,point of interest,1400,Gondor,"Setmaenen, known as Ossarnen to the Dúnedain and the Gondorians. It is a small mining town in the province of Lamedon and site of an ancient sacred site of the Mountainmen, located very far from the main road that runs through the interior of Gondor. The word Ossarnen alludes to the most prominent features of the Setmaenen Stones, a pre-Númenórean ceremonial complex of megalithic structures outside the city.",,,POINT(11.391809 44.11232)
476,25d3ae62f10cbc7919506ae65fd7dd2c,Athrad Poros,town,450,,"The city was an important stopping point for land trade to the south. It began as a military garrison whose purpose was to protect the border between the fledgling Kingdom-tn-Exile and the Umbarean sphere of influence beyond. This outpost gradually took on civilian characteristics during the time of the ship kings, as the northernmost reaches of Haradwaith became the province of Harondor. With the opening of the Harnen Corridor, Athrad Poros suddenly became a critical juncture for the land trade route with Near Harad and Khand, and increased in size accordingly.",,,POINT(18.127267 40.357852)
477,28a90db52bc32e64d25b3ba266dd7c80,Rood,town,280,Dúnedain,"Rood (originally known as ""Ruaduin""), once the largest city on Nan Turnath, contrasts with the robust resistance of Bree and Fornost. Long a hum of cross-country commerce where the ancient King's Road met the Baranduin River, it suffers the effects of plague and the general incompetence of its feudal master, Cristion or Nengaran. Rood gives the appearance of a dying town. One of the few places in Arthedain to be affected by the plague, probably due to the location of the river and the timing of the epidemic's arrival (mid-summer), many of its two hundred stone houses are abandoned and decaying. Rats and mice greatly outnumber the male residents, and pest control is becoming a serious problem, particularly as a good portion of the surviving population fled to Fornost.",,,POINT(0.44034 52.870134)
480,2ca07fa0e4327709a553cdaef455adce,Tir Feren,castle,80,Gondor,,,,POINT(2.740454 41.548916)
481,2cfbecb372b043aee8f642cd6a7b86ed,Car Gaul,manor,30,,,,,POINT(1.549864 42.010386)
482,2d63757ee0677b0d14e6ef15cf80e497,Mithlond (Puertos Grises),city,9200,"Nandor, Sindar, Noldor","Mithlond was ruled by Círdan and his advisors directly; It was the only part of Lindon that was guided by a structured group rather than by a noble house or community councils. The population in any period (excluding periods of substantial exodus) was around a quarter to a fifth of the kingdom. Traffic across the Gulf in fast, elegant elven ships is fairly regular. At night, lanterns on the bows of elven ships make the Gulf dance with brilliant lights. As with most Elven cities, Mithlond is a place of magic and beauty. Most men avoid Mithlond out of fear, and the Elves see little reason to meddle in the small affairs of the mortal races. However, Mithlond is an open city, and the elves would not turn away an honest traveler seeking its gates, although their welcome might seem cold to those not well acquainted with their customs.",,,POINT(-5.813533 51.636483)
483,2f80c0f3f97fa5120648aac455745217,Linhir,city,4100,,"Linhir (S. ""River Fords"") was prosperous and busy, and a large population of unseemly characters had become prey to the weak and gullible. A wall dating back to the time of Númenor surrounded the city, which had been an important urban center for millennia.",,,POINT(13.13929 41.259747)
484,2fb7c7e28436f4bd9c61816182aed529,Bar-i-Dinuviel,town,244,Noldor,"Bar-i-Dinuviel (S. ""Home of the Nightingale"", Os. ""Mbar Tinduvela"") was a fishing village on the coast of Dor Tinuviel.",,,POINT(-7.395721 48.731791)
485,3111faba40b284fcb721cbdcf31ac234,Edoras,city,1600,Rohirrim,,,,POINT(9.385098 45.345745)
487,31a29acf8ccc956ecf4321750e626859,Litash,city,3400,Sauron,Training center for priests of the Dark Religion; base for tax collection in eastern Angmar.,,,POINT(9.489663 54.634588)
489,330a8f4cdc4243eab59df18dc11bc301,Himihiril,castle,50,Gondor,,,,POINT(-3.212527 54.57971)
490,33776f6e655140f9d3dcf37a1f809675,Pueblo de hombres de los bosques,town,200,Woodmen,"It was a small village of the Woodmen in the Upper Anduin Vales. It was partially built on large platforms in the trees in elven fashion, as the Woodmen were on friendly terms with the Wood Elves.",,,POINT(16.365852 51.231894)
491,364708d6d5fa3c5222b7232ac0755ec8,Turonost,city,890,Noldor,culeros,,,POINT(-11.932362 55.033719)
492,39a1fb6f2b80d2adcf19c573d6e18ad2,Arailt,fortress,120,Dunlendings,"Arailt Hold was the ancient clan of the Dunledino Arailt clan. By the days of the War of the Ring, the place had long been abandoned and the Rohirrim had established a scouting camp above the Ruins and Caves nearby.",,,POINT(6.432063 47.021704)
493,3a0e8f7057a10fdba04997b4c64e5c03,Cerin Amroth,manor,,Elfos Silvanos,"Cerin Amroth (S. ""Hill of Amroth"") was the site of the house of King Amroth of Lothlorien during the Third Age.",,,POINT(12.115104 49.415377)
494,3a6a1f51e11f666f2597c738833772d8,Fennas Drunnin,town,430,,"A Council directed most affairs in the town, which depended on local farms and vineyards for its prosperity. Some hobbits lived nearby, but generally avoided contact with the townspeople. As it was so far from the main roads of Cardolan, few visitors entered Fennas Drúnin, but it was a good base for anyone wanting to explore southern Rhudaur or the Elven ruins of Eregion.",,,POINT(5.871737 50.178819)
496,3d368f4dc9bafeeb9ae34a63791ffd66,Mindolhendi,city,900,,,,,POINT(-8.571719 55.929858)
554,850a1cb58a471a45f6dc25bffa830125,Haerlond,town,390,Gondor,,,,POINT(-2.935146 38.976766)
873,,Town,town,,,,,,POINT(-0.109475780513291 51.337187824592014)
479,2c1d9a8d2a5d1ab62942438dfd375a62,Minas Tirith,fortified city,25000,Gondor,"Originally called Minas Anor, it was a large city at the foot of the Ered Nimrais. Together with Osgiliath, the Citadel of Stars, and Minas Ithil, the Tower of the Moon, the City of the Sun formed the core of Gondor, the most powerful kingdom in Middle-earth.",,,POINT(17.422569 43.158864)
497,3d50c595ccaa0ae4f93d96ce0dd050c6,Eredimar,village,92,"Elfos Silvanos, enanos, Gondor, Hobbits","Often confused with Eruimar, the town of Eredimar (S. ""Mountain Home"") was about fifty miles southwest of Lonely Home. Located within the valley of Imladorn (S. 'The Wooded Valley'), Eredimar lay at the foot of the Ered Luin (hence its name). Due to its isolation, Eredimar was nothing more than a small collection of houses with a population of less than 100 people. However, it was notable due to the wide variety of cultures contained within it. Hobbits, dwarves, elves and men had all made their homes within this village at one time or another. Furthermore, the Sulfur springs located in the vicinity of Eredimar gave the village renown as a place of healing. Three well-maintained lodges awaited travelers who passed by, for news of the picturesque beauty and health benefits of Eredimar reached the ears of many.",,,POINT(-7.199672 52.568257)
501,4291252739bbc7141616918bcaba22ad,Nan i naugrim,dwarven mine,430,,"The largest mine in Nan-i-Naugrim and the capital of Broadbeam since the Second Age. In the middle of the T.A. and in later times, Edennogrod was the largely ruined Khazad that stood above Nan-i-Naugrim. At the end of T.A. ruled by the feudal Lord Grár, with an honorary title ""The Mountain King"" for the Shire people.",,,POINT(-7.108307 54.632519)
504,440c871cf631fbad125559f4e3d7fcea,Minas Girithlin,castle,60,,"The castle had withstood many sieges, as could be seen by the numerous scars left by flames and missile engines on its exterior.",,,POINT(-2.625009 48.761944)
505,443fc38145c4ef1c1899d04d3d02ce4d,Bar Adorn,town,600,,prueba,,,POINT(3.388161 46.091757)
506,46d9ea208b4d78d838a35cbfe57ccc5f,Saerthondost,fortress,200,Gondor,"Saerthondost was one of two Dúnedain strongholds that protected the Pinnath Gelin and Len Lefnui from the wilds of Hairaverkien. The fortress was located on the north bank of the Lefnui at the point where that river turned sharply to the northwest after its southward descent out of Nan-i-Feryn. Saerthondost received its name from the fairly extensive swamps that accompanied the bend of the river, which were rich in herbs used by the shepherds of the Mesta. The fortress had a lighthouse tower that linked it to its sister Pinnornost, to the northeast. Like the last fortress, Saerthondost was founded in T.A. 823 and abandoned at T.A. 2157, in concert with the fluctuating needs of central Gondor's land border with Hairaverkien.",,,POINT(3.287055 42.466171)
508,481a34f0a4593aa08c7b358c62091a35,Adavalinda,village,140,,,,,POINT(1.378078 41.886452)
510,48d6956a9e549bdf8867e069a7424d2c,Thingastathbaurg,town,150,Hombres del bosque,,,,POINT(13.723291 53.101593)
512,493a02d2bcbd0fb36907edb7ea0eecaf,Michel Delving,town,650,Hobbits,"Gamwich was Westron's translation of the Halfling name ""Galabas"" (W. ""Playful Place""). The village was located in the Westfarthing of the Shire.",,,POINT(-2.454585 51.363869)
555,8606fc2022212421702bfc7856e27660,Fanduin,city,500,,"The city had a fairly large population of 4,100 in TA 250. However, its population declined after the middle of the Third Age and the settlement was eventually abandoned at the end of the Third Age.",,,POINT(0.618315 52.568654)
874,,town,town,,,,,,POINT(0.110795383046252 51.445392173867724)
498,3d84453a5c46f62464fcb2edc61b25e1,Filimer,ruins,,,Ruined city,,,POINT(4.034143 49.498538)
499,3df2661c13cb9ec080b86da4f7a5298b,Bar Irlossiel (castillo silencioso),ruins,,,"Ruined castle. Barad Perinluoss, commonly known as the Silent Castle, was an ancient elven refuge in southern Sîrgala, an independent community of wood elves and Arthadan religious refugees. They had pledged fealty to a half-elf wizard known as Iralussiel the Tranquil. Iralussiel had died mysteriously around the 11th or 12th century A.T. and the shelter became almost alarmingly peaceful. Few men or elves visited the place.",,,POINT(-1.862215 50.200255)
556,880eec93a3c2b8ebcf3a15446efc8c72,Pelargir,fortified city,2500,Gondor,,,,POINT(16.156195 41.256614)
513,4a24da5b5ac1a6c3fb9cdd15d503819f,Vidusbaurg,town,520,Northmen,"Buhr Widu, situated near the small lake known as
Lake of the Forest, retains some of the royal splendor that shone during the times of Vidugavia, although the Grammuz princes who have ruled it after the Plague have lacked the strength necessary to regain its former glory.
Like most other Nordic villages located on the plains, Buhr Widu is made up of a group of long houses made of wood and straw, each of which houses about twenty individuals, in addition to livestock. For defense, the bosses have added an earthen wall and a series of sturdy wooden towers.",,,POINT(20.2981 50.405638)
514,4be9468f854fa8a1dcb64764ace32902,Morkai,castle,1000,Sauron,"Barad Morkai rises on the top of a promontory
of granite that watches over the Way of Angmar. The fortress is made up of thick walls and square bastions, and was built to resist the most powerful siege engines.",,,POINT(6.60636 55.068171)
518,5782c24e1c9a90bd8ae93a0624d9e87d,Tilmendir,castle,140,Gondor,Surveillance of traffic passing from Westmarch to Anfalas; A show of authority for the local Dunnish tribes.,,,POINT(6.214492 45.163506)
522,5abbd6f333ee1250e91efc4a02013c02,Bodroth,city,0,,"Bodroth was a municipality of Eketyar in Arthedain. It was located on the northern shores of Lake Evendim, about forty miles north of Annúminas. The city had a fairly large population of 4,900 in TA 250. However, its population declined after the middle of the Third Age and the settlement was eventually abandoned at the end of the Third Age, although it had survived the fall of the last King for several generations.",,,POINT(-1.098611 53.3107)
523,5cbba5e7606045d742bbfc0cd65aa0b1,Culwic,town,400,"Gondor, enanos","Culwic, originally established as Himtil or Himobel (S. ""Chill village"") and known as Colwich in the Third Age, was a small town in western Arthedain. It lay just north of the borders of Dor Lelvin and Lindon on Little Lune. . It consisted of 400 men and some dwarves. Their industry and agriculture were primarily dedicated to supporting dwarven settlements to the north.",,,POINT(-6.450549 53.936333)
525,5ee93f5bc3e4001805d234e95a79657d,Cirith Dudhrandir,town,450,,"Cirith Dudhrandir was the only major pass through the mountainous Belfalas Peninsula. It was also the only mountain pass in southern Gondor that had a paved road, making it of greater strategic importance for the defense of the kingdom. With a height of 5,800 feet, the Cirith Dudhrandir was also the longest pass in southern Gondor, stretching more than sixty miles from east to west, and almost equaling the width of Belfalas. The pass was named after S.A. 3400. when Edhelion of Eldalonde, then Captain of the Faithful in Pelargir, received the peninsula to the west as a fief.  Cirith Dudhrandir was guarded by the fortress of Naur Amrûn, and two houses of knights controlled the lands along the eastern approach of the pass. The prince retained the western ascent of the pass (to Naur Amrûn) as his own property; travelers using the pass could find accommodation in the courtyard of Naur Amrûn or (more rarely; as guests of one of the landed knights). There was an inn for travelers in the small village that lay in the prince's land west of Naur Amrûn.",,,POINT(10.161853 41.049572)
526,5f7b31b1e45bc32f9710965931ec02be,Anghul,castle,80,Sauron,,,,POINT(5.880489 55.633701)
527,60d41486e9354c4d4dd2445e69e812e8,Forlond,city,780,Noldor,"The elven refuge located in Forlindon is hidden and protected
through a steep fjord. A sheltered harbor protects
to the numerous elven vessels of the harsh climate
of the Belegaer. Although it is not as densely populated as
the nearby Gray Harbors, Forlond is an important center
urban for the coastal elves. Few mortals have arrived
to visit the city, where the elves spend centuries building
beautiful and graceful boats intended for
take them to the other side of! Belegaer, to Aman.",,,POINT(-9.783386 52.192311)
529,62ee9d110b26b1dfee272ff8634879da,Malehaut,village,45,,,,,POINT(-3.251467 47.012628)
570,96e3c8c5ca8e87d9f19586a2defc791a,Tir Lawen,city,600,,,,,POINT(-9.050462 51.986118)
521,59cf3830ff27cef7e73d05bbe03b3805,Guinnion,ruins,,,Ruined village,,,POINT(-1.168778 47.430766)
517,556e0b805bb4afe0be501c6fb7924f5e,Bar Morthil,point of interest,,Dúnedain,,,,POINT(-3.144798 39.274599)
531,650c99a437e0cce7a326674897da17d6,Laur Dunnen,town,420,,"Larach Duhnnan is located on the territory owned
of Clan Feargan, but foreign traffic passing through
makes it a great neutral place for discussions and exchanges between tribes. No walls surround the town, as residents rely on the nearby fortress of Clan Feargan for defense. Larach Duhnnan also lies at one of the few accessible crossings of the small river known as Dunstrem, and so the clan lords charge a moderate toll for all who wish to cross the bridge.",,,POINT(4.330594 47.761037)
532,65907bd900d495733194dcf01f5f1dde,Aerost,fortress,300,Gondor,,,,POINT(3.626902 41.034679)
533,67efb3b67cdd1b2fd62ecb938e847972,Talsir,town,250,,"Talsir was one of the free cities of Cardolan. It was located on the west bank of the Gwathló River, about one hundred and seventy miles downstream from Tharbad, providing an important stop for travel along the river between Tharbad and Ethir Gwathló. The city had a fairly large population. of 4,300 in TA 250 and was one of the few settlements of ancient Minhiriath to survive until the end of the Third Age.",,,POINT(-0.234818 47.538839)
534,681965fb86a89207792118ea20e07ff9,Framsburg,city,340,norteños,"Although it is not directly under the rule of the King
Warlock, Wraecaburg suffers frequent attacks, and within lives a series of unpleasant characters from lands other than Rhovanion. The men of Wraecaburg occasionally trade with their relatives from Maethelburg, but the latter increasingly view the men from the northern valley with more suspicion.",,,POINT(14.009562 54.17404)
539,7019dd7f9f38eca5ad9f1305d1aec81b,Annulond,city,1200,Gondor,,,,POINT(1.770028 41.004206)
540,703e799a1608a3b9ff4ba4d98bf4f5bd,Gamwich,town,120,,"Gamwich was Westron's translation of the Halfling name ""Galabas"" (W. ""Playful Place""). The village was located in the Westfarthing of the Shire.",,,POINT(-3.155729 52.02727)
542,72157ca5d66a0573a56b3e8a6faabf35,Bar Nevedui,castle,600,gondor,,,,POINT(-2.29744 39.175898)
543,737cd8e5ebf3e66dbf23ade112de8011,Lorilad,village,89,,"Lórilad was a fortified town of Lebennin situated in the Ethir Anduin, approximately seventy-five miles downstream from Pelargir, halfway between the great paradise and the western cape of Lebennins.",,,POINT(14.580513 40.790865)
544,75990a293755b179f5736ad958400efe,Sindbar,town,540,Gondor,,,,POINT(16.166696 44.061143)
546,77d37e506c88125d784b139a91d2b8c5,Sackville (Sacovilla),town,110,Hobbits,"Originally, Sairinan (S. ""Valley of the Wizards"") had been an ancient Eriadoran village in ruins after the Second Northern War. The Northmen who had settled here after T.A. 1412, fleeing trouble at Cardolan, had forgotten the village's old name in favor of Saccburh. Later, when Hobbits formed the majority of its population, its name Sackville gained. Proximity to the rugged Red Hills Men of Eriador lent a (not entirely undeserved) reputation for cruelty to the residents of Sackville, who had taken on many of the boorish ways of their neighbors. Southfarthing's second largest town, scene of wheat fields and orchards along the River Fayne and terraced vineyards and melon fields on the nearby hills. Sackvillians were rare among hobbits because of the pride they took in selling their wares ""off limits."" Sackville wine and leaves reached distant Saerlann in the south and even Dale in the wild far east.",,,POINT(-1.551914 50.704271)
548,7ca62dfc23b7be2ef8254d8924249fdc,Buzdum Mazar,dwarven mine,490,Dwarves,"The largest mine in Nan-i-Naugrim and the capital of Broadbeam since the Second Age. In the middle of the T.A. and in later times, Edennogrod was the largely ruined Khazad that stood above Nan-i-Naugrim. At the end of T.A. ruled by the feudal Lord Grár, with an honorary title ""The Mountain King"" for the Shire people.",,,POINT(-7.283618 54.590338)
549,7df88f8d7e3218d96af25370a52d4ce1,Minas Brethil,city,3000,,"Minas Brethil (S. ""Silver Birch Tower""), the capital of Celossien, was situated in the upper Serni, and was a center for the agricultural region between Glinduin and Serni. The town began to grow in the 4th century when the surrounding countryside was settled. After the Kin Fight, Minas Brethil had approximately 4,000 inhabitants, a number halved in the plague and only recovered in the late 20th century.",,,POINT(15.13078 42.223616)
552,83b667b645b766f8d319f13ce83d8ca3,Barad Eldanar,castle,400,Sauron,,,,POINT(5.714704 54.61147)
538,6e182f410f716a021ddf51be662a827d,Endrist,ruins,,,Ruined city,,,POINT(-3.934113 50.51091)
545,76dfe74b025986ac0f4ebb77b57d9539,Larad,ruins,,,Ruined city,,,POINT(-4.625452 55.090882)
551,8092b4e9ff96ef0fca43812a665b6a64,Maegoth,ruins,,,Ruined city,,,POINT(-1.537858 53.032579)
550,8047934e8120045a7dfdd987a70b4a80,Cithrenor,ruins,12,,Ruined town,,,POINT(-3.529856 49.026391)
536,6bbb1c408a02daac53e41d565a15fea4,Caras Galadhon,fortified city,800,Elfos Silvanos,"A fortified but beautiful city in the heart of Lórien. It is an interconnected Telain network, supported by the enormous trunks of large mallorn trees. Galadriel herself devised the plan for the city, recognizing the danger her kingdom would have to face when Sauron first forged the Ruling Ring.",,,POINT(12.542319 49.212858)
530,6442aa8e9dbeb487c3a787e44786eb05,Iant Methed,point of interest,5,,"The last bridge, so called because it is the farthest east from the road, was built of stone with three large arches. This bridge was built at the height of Arnorian power in T.A. 320. In Rhudaur's constant petty wars, the location was generally considered neutral ground. The Last Inn, a business once run by Rubb and Bura Grumm, stood near the bridge virtually undefended, as it had been for several generations. Just northwest of Iant Methed and across the Mitheithel were the ruins of Dol Elerilde, the stronghold of an old lord of Rhudaur. The Grumm family had survived that noble line.",,,POINT(6.656038 51.505654)
557,8a30ed251c814ab07981a8f8297d81f0,Metraith,town,340,Eriadorians,"A city located at the junction of the Redway and North Road, later after the split from Arnor, the Cardolan king had used the city as a summer retreat called ""Thalion"". The princes of Dol Tinereb dwelt in a great ruined mansion in Metraith. As one of the few remaining viable cities between Bree and Tharbad, Metraith had become an important supply center for caravans, as well as a base for the tougher types it attracted to trade along the way.",,,POINT(1.30749 49.536729)
559,8db29c09f4bbb933338abeb89a583e7a,Tir Eiliant,manor,30,Gondor,,,,POINT(1.927719 41.294802)
560,8ded0d2f712cc9da8128283409069cd1,Archet,town,100,"Humanos, Hobbits","Archet was made up of about thirty-five stone houses located among rolling hills cultivated with crops. A pleasant village, it produces an unusual cheese due to a species of wildflower that grew only in the immediate surroundings of the Archet. The Arinyalasse (Q. ""Morning-petal"") was created by the villagers' goats. Archet was three miles from Bree and about a mile from the Greenway. Like the rest of Bree land, the region was quite fertile.",,,POINT(1.345125 51.628198)
562,8f218bbd2ef709fe97a98279b6093117,Gundabad,dwarven mine,2400,orcs,"Mount Gundabad was an important Dwarf enclave in the northern Misty Mountains. It was occupied by the Orcs several times, and became their capital.",,,POINT(11.477501 54.99107)
563,8f5a68e82d9b9a94bfb81074f2fb2e3a,Caras celairnen,city,1500,Dúnedain,"Situated on a rocky area of ​​dry land across the marshy junction of the River Uialduin and the River Lhun, this ancient site had been continuously inhabited since the early years of the Second Age.",,,POINT(-3.759837 52.927546)
565,92d9b509c5a7e1e5217182f663f52897,Fanuilond,city,750,,"The port city of Fanuilond in southern Gondor was often the last stop for coastal traders heading south. Near the countless islands and sandbars of the Mouths of Anduin, Fanuilond was a damp, mosquito-infested place that nevertheless remained popular with sailors and captains for the quality of the fruit and wine produced in the region immediately north of the city. Some of the best wines were served at the Tipsy Triton, a cheerful, dirty little inn near the docks.",,,POINT(13.114289 40.660615)
567,9359778ea1b205b6557d2baf08c3ab0a,Tirith Nindir,castle,60,Gondor,"Tir Nindor was an ancient Gondorian fortress, built to protect and guard the Dagorlad.",,,POINT(17.905348 45.591355)
568,93b9a677e74f4de70c374ef9b4d1f3d5,Lond Angren,city,2300,Gondor,"Lond Angren (S. ""Iron Port"") had been a small Númenórean outpost of the Second Age and later a city and lordship to control western Enedwaith near the Ethir Angren.",,,POINT(0.26102 45.144004)
569,9419384092d93b36f57a999d75f061bd,Dunlostir,city,880,Rohirrim,"Dunlostir era un centro de comercio regional de cereales. Dos veces al año, las ferias de cosechas convirtieron a la comunidad normalmente adormecida en un centro vibrante y cosmopolita.",,,POINT(8.671436 46.206903)
564,9254774f94d07810d84b2ef9222dec09,Nadior,ruins,,,"Ruined city. Nadior was a municipality of Ethir Gwathló in Cardolan. It was situated in a small bay on the coast of Minhiriath, approximately seventy miles west of the mouths of Gwathló. The city had a fairly large population of 4,900 in TA 250. However, its population declined after the mid-Third Age and the settlement was finally abandoned by TA 1640.",,,POINT(-2.601318 46.65052)
571,97426ecfc7ddec460434e0391aa40aee,Onodrith,city,1100,Gondor,"Onodrith, en tiempos posteriores conocido como Entrift o Stowburg, era una estación para la mayor parte del tráfico fluvial a las provincias norteñas y occidentales de Gondor. También contenía gran parte del grano que el Rey de Gondor o Rohan mantenía en reserva, en grandes almacenes a lo largo del río. El ferry aquí manejaba mucho tráfico, pero los altos peajes hicieron que muchos viajeros buscaran el Iach Onodlo a unas 20 millas río arriba.",,,POINT(11.433006 45.72867)
573,98297a9393f615d3791c0ba38ac4bd4f,Osgar,manor,40,,,,,POINT(2.03246 42.157703)
574,9d8352b354ce40ca566050ea40fbc8c1,Dale,city,1200,Norteños,"Esta ciudad de los nórdicos urbanos esta situada en el resguardado
valle que hay por debajo de Erebor. Valle es famosa
por sus habilidosos artesanos, y muchas de sus mercancias
bajan por el Celduin hasta llegar a mercados en Rhiln
y en Gondor. La ciudad descansa a la sombra de Erebor, una sombria y solitaria montaña que muchos creen esta maldita.
Valle todavia sirve como base para quienes desean explorar
las Montañas Grises o espiar en el camino que conecta
Angmar con las tierras orientales.",,,POINT(21.273306 53.880945)
577,9fa4fdeaf24042021af167466a61eb0e,Lond Galen,city,5000,Gondor,,,,POINT(4.722165 41.290999)
578,a309e72a5df0d83e90644ac100da32ae,Esgaroth,city,910,Norteños,"Esgaroth esta construida sobre unas grandes plataformas
colocadas sobre el Annen (Lago Largo), y esta conectada con la tierra mediante un solo puente. Los hombres de Ciudad del Lago eligen a un Señor cada dos años, pero el verdadero amo de Esgaroth es el comercio. La mayoría de las rutas comerciales de la región pasan por Esgaroth, y los nórdicos que viven en la ciudad son sorprendentemente cosmopolitas.",,,POINT(21.777269 53.02214)
579,a5bb5615f0cc150c33a7ad66fcfbbc3f,Porosir,manor,34,Gondor,,,,POINT(15.440753 40.605991)
581,a89aa4a2e390d2650f651118a49c1f0c,Tumnogoth iaur,dwarven mine,112,Dwarves,"Los enanos de Tumnogath eran pobres y se mantenían en secreto. Muchos de sus hijos habían emigrado a las lejanas Iron Hills, y la comunidad se estancó en unas pocas generaciones. La población enana consistía en buscadores de tesoros y tinkers viajeros.",,,POINT(-6.372691 49.954729)
583,a96509f98e363e3b03873960397c0cf8,Druabad,village,206,,,,,POINT(5.446174 42.937788)
584,a999feb997c5cbac53d53ceb760be098,Osgiliath,city,3000,Gondor,"Osgiliath era la antigua capital de Gondor. La ciudad se extiende a ambos lados del río Anduin en un punto aproximadamente a medio camino entre las ciudades de Minas Anor al suroeste y Minas Ithil al noreste, y al norte de la cercana Emyn Arnen. En el Gran Salón de la ciudad, los tronos de los hijos de Elendil estaban colocados uno al lado del otro. En sus días de gloria, la ciudad presentaba muelles para manejar embarcaciones marítimas que subían del mar, un gran puente de piedra que sostenía casas y torres de piedra, y la Cúpula de las Estrellas, que albergaba la piedra de Osgiliath, la más grande de las piedras. los siete Palantíri",,,POINT(17.969459 43.351871)
585,b07dfd88fff335d40f4a6ff02e121d97,Tuckborough,town,320,,"El pueblo estaba ubicado en el país de las colinas verdes de Westfarthing de la comarca. Tuckburrow, aislada en un valle del País de las Colinas Verdes, se convirtió en un pequeño pero exitoso centro de carpintería y cerámica. Whitwell, situado en la Vía Roja en medio de tierras más fértiles, prosperó como un centro de mercado. Dolwich, en un espolón sur de las colinas, estaba situado para vender madera y granito a cualquiera en el sur o oeste de Farthings y también floreció.",,,POINT(-1.324173 51.341565)
586,b173ca30c3da9f732cc0d30c3dba9b2b,Dol Caranthan,town,320,,,,,POINT(17.402856 44.594583)
587,b2d97d738b6c8e1360c928f1f3978a23,Nothva Rhaglaw,city,840,Dunlendings,"La única ciudad permanente montañesa al oeste de Mitheithel, Nothva Rhaglaw (Du. ""Refugio del Regente"") era un centro comercial y una fuente de justicia local. Sin embargo, los movimientos de los montañeses seminómadas causaron que la población de la ciudad variara ampliamente con las estaciones.  Fue una parada importante para los pocos comerciantes que trasladaban mercancías de Cardolan a Angmar.",,,POINT(5.969026 52.908717)
588,b45533711c7989e35801d15ea96e34b8,Cameth Brin,fortress,540,Dunlendings,Cameth Brin sirvió como el asiento del hombre de las montañas King Broggha. La ciudadela incluía una torre y un sistema de túneles construidos por los Dúnedain de Arnor al costado de la Colina Torcida y era una fortaleza casi inexpugnable. Fue uno de los pocos asentamientos permanentes de los montañeros semi-migratorios y sirvió como base para los ataques contra Arthedain y Cardolan.,,,POINT(7.46718 52.537733)
589,b5e41a73df163d7a3bc0212280694b87,Faemar,town,850,,"Faemar era un pueblo situado a medio camino entre los extremos del largo y estrecho Taur Galen, en un vado que cruzaba el río, el valle aguas abajo de Faemar era empinado y la agricultura rocosa era imposible. En cambio, los aldeanos recolectaban una cosecha anual de caza silvestre, bayas, hierbas, nueces y madera seca para carbón.",,,POINT(-2.750008 54.559393)
591,b74257edfb64f85fb7085dc04ae70782,Dol Amroth,city,10200,Gondor,"Dol Amroth era un promontorio rocoso en la costa occidental de Belfalas que lleva el nombre del señor Sinda Amroth, hijo de Amdír, quien fundó Tirith Aear en sus acantilados a mediados de la Segunda Edad. Más tarde, después de que Belfalas fue entregado como feudo a Edhelion de Dor-en-Ernil y sus descendientes, el nombre se extendió para referirse a todo el asentamiento Númenóreano del promontorio, tanto Ost-en-Ernil como Lond Ernil, el refugio. pueblo que creció a su alrededor. Cuando se hizo referencia solo a la ciudad y no al castillo. En su lugar, se utilizó ""Lond Ernil"".  La ciudad custodiaba uno de los puertos más seguros de Gondor, con la flota más grande del reino fuera de Pelargir. Debido a su excelente artesanía, los barcos construidos en Dol Amroth fueron más que un rival para cualquiera de las embarcaciones de Umbar. Lond Ernil también era un centro comercial ocupado y se jactaba de algunos de los mejores artesanos de la Tierra Media. Como era de esperar, Dol Amroth funcionó como un centro comercial dominante, el más activo en Gondor al oeste de Pelargir. Muchos de los productos del norte que llegan por mar pasaron por Dol Amroth, y fue el mejor lugar para encontrar un pasaje a Tharbad.",,,POINT(9.045753 41.368408)
592,b8e5b03dddef89acb43eb6b4c7704af1,Little Delving,town,120,Hobbits,"Ubicada en White Downs, Little Delving tiene una mayor preponderancia de Smials, la vivienda tradicional Hobbit, que algunos asentamientos de tierras bajas donde los túneles no son prácticos.",,,POINT(-2.512654 51.660837)
593,ba1d1a32cd234ff8a9fa85f54f447d3c,Lond-in-Telerrim,town,546,Noldor,,,,POINT(-6.863374 50.840027)
595,bcd8fc2e535e21125dcf84c78e30cfe8,Stock,town,210,Hobbits,"La gente de Stock tradicionalmente mantenía buenas relaciones con el bosque que los rodeaba. Recogieron árboles con cuidado, recogieron sus ramas para la ropa de cama, sus manzanas para secarlas y sus bellotas y nueces para moler y hornear. Los árboles crecían en hileras, probablemente porque había habido, en los viejos tiempos, un caballero Arthadan en residencia aquí. La mayoría de las arboledas habían sido plantadas de acuerdo con su plan como sotobosques y huertos. El suelo fértil del valle del río Baranduin producía algunos de los mejores hongos de la Comarca.",,,POINT(-0.149413 51.43143)
597,c02aee9a0462b65512c662491f3b69f8,Mirolos,city,300,Noldor,"Mirolos (S. ""Sueño joya""; también conocido como ""Londalos"") fue un asentamiento de los seguidores de los hijos de Feanor, en el Hub Conath y el más grande de la región. Fue fundada por Maglor en la primera década de la Segunda Edad, antes de su desaparición. Fue abandonado durante el largo invierno, cuando un dragón del norte de los desechos entró en el área. El asentamiento había sido cortado por la nieve para llegar a la ayuda por algún tiempo, y la ciudad fue incendiada. Erien Forhiriel era la dama del asentamiento. Los habitantes de Mirolos se contaban por centenares en la Tercera Edad, al igual que Urunobel, su contraparte.",,,POINT(-9.56661 55.290304)
598,c0c86553afc2adf9fb424a578f332bea,Tir Lawen,city,800,Noldor,,,,POINT(-11.063029 52.948017)
599,c0da45757ceef624d48f9d947ae16305,Annon Baran,town,300,,"Es una ""ciudad abierta"" peculiar y peligrosa donde Orcos, Beffraen, Rivermen, Dunadan e incluso corsarios de la lejana Umbar se mezclan. Ambarburh representaba el límite del mundo para los Hobbits que miraban al suroeste desde la Comarca, y solo los más aventureros. vinieron aquí. ",,,POINT(-4.147863 48.98546)
603,c4fc66c91d78dea4ab769322dae7aeda,Hobbiton,town,504,Hobbits,"Hobbiton era un pueblo prominente de hobbits en la Comarca. Estaba ubicado en Westfarthing, al norte de Great East Road.",,,POINT(-1.265933 51.58473)
604,c56b60ec340561754e3980f516df9cf7,Pinnornost,fortress,540,,,,,POINT(4.501772 43.140756)
605,c63a0fa990a9481746f987be890a420a,Vinyathrad,city,800,,,,,POINT(-10.131963 53.290973)
607,c7058608fefce8f43ee84942255feb8b,Glanhir,city,1300,,"Glanhir (S. ""Entre los arroyos"") era una ciudad de Lamedon, situada en la confluencia de los ríos Morthond y Ringló, a treinta millas de Edhellond y el mar. Debido a su ubicación, Glanhir funcionó como la principal puerta de entrada económica al este de Anfalas, el valle de Blackroot y el valle de Lamedon.",,,POINT(9.614062 42.073163)
590,b721357fafe99eb73f5c980838e5ddf1,Ambon Noirinyaron,ruins,,,Ruined mansion,,,POINT(-2.111696 53.302321)
601,c2f3aca4298632ac748eaa0343c9c2b9,Anhamar,point of interest,,,,,,POINT(-8.95062 50.767262)
612,d051379b25c86cfac253bd6b01cea140,Serelond,city,1300,Gondor,,,,POINT(4.794315 41.460161)
613,d23f71bd5455ab5a52471ba0e0682dbf,Dol gwaer,fortress,400,,,,,POINT(4.947357 42.98755)
616,d7b271fbd725a19c00232d158a1e71c4,Lond Thalos,town,700,,"Lond Thalos (S. ""Puerto de Thalos""), como el hospital de Car Sidh al oeste en Amon Ereb, era una comunidad de médicos y herbolarios, además de ser un camino para la madera destinada a los astilleros de los Puertos.",,,POINT(-7.539279 51.414853)
617,d91f5d2806938b5d5e0342181bfff661,Scary,town,130,Hobbits,"Ubicado en el accidentado país de Eastfarthing, Scary y sus minas cercanas proporcionaron la mayor parte de los minerales de estaño y cobre utilizados en la Comarca, así como gran parte del granito utilizado en la construcción, se produjeron en pequeñas cantidades aquí y se transportaron a Bree. o Fornost. El pueblo fue nombrado, literalmente, por las cicatrices hechas por la minería y la extracción.",,,POINT(-0.386569 51.76395)
618,db7308c49e9f0be82050b9f695ba8651,Hornburg,fortress,1600,Rohirrim,"Hornburg era un nombre rohirrico; la mayoría de los gondorianos se referían a la ciudadela como ""Ostiras"", los Eorlingas originalmente la conocían como ""Súthburg"". La fortaleza consistía en una torre robusta sobre un gran espolón de roca, con un grueso muro que se extendía desde la torre hasta cruzar la boca del valle. .",,,POINT(7.587706 45.859374)
619,e11fba538e02b2f688cb4b67ef534ff3,Hwalord,town,520,Gondor,,,,POINT(-0.466877 44.654769)
621,e32e3dba06c560584d99f5162a2c4258,Shedun,castle,940,Sauron,"Las amplias llanuras que hay por debajo de Shedun se
utilizan como campo de entrenamiento y punto de reunion
para las hordas de orcos del Rey Brujo. Las escaramuzas entre los orcos y la guamicion de hombres de! castillo son bastante frecuentes, aunque el Rey Brujo utiliza su ferrea disciplina para mantener el orden.",,,POINT(6.787443 54.830155)
623,e489b8b32e368a5305d8aa2099c2b4a3,Bar Olchaldor,town,348,,,,,POINT(15.996778 41.930038)
624,e5c97706503934aef315312d333b8692,Tharagdonrost,city,800,Gondor,,,,POINT(-0.338978 40.06648)
877,,town,town,,,,,,POINT(-0.212581431541162 51.23679752011409)
878,,town,town,,,,,,POINT(-0.201530827107401 51.15005956562732)
882,,town,town,,,,,,POINT(-1.514257594710213 51.334302166134286)
886,,Overhill,town,,,,,,POINT(-1.278787595579377 51.66757438362121)
620,e2bf97d453fbf8464e97036d01bec4d4,Elostirion,tower,52,Dúnedain,"Elostirion es la más alta y occidental de las tres torres blancas en el Emyn Beraid. Un Palantir está allí, vigilando constantemente las Tierras eternas.",,,POINT(-5.219364 51.638056)
626,e835ee53e05d2cfc5578bedc86581b87,Eruimar,village,98,,"Colocado al pie del Ramluin (S. ""Muro Azul""), Eruimar (S. ""Hogar Solitario"") se sentó debajo del punto más oriental en el que las estribaciones se convirtieron en los riscos rocosos de las Montañas Azules. Aunque Eruimar fue nombrado como tal por su ubicación remota, encontrar el pueblo de montaña no fue especialmente difícil. La mera distancia creaba su aislamiento en lugar de un bosque espeso, un barranco profundo o incluso encantamientos élficos. Muchos viajeros perdidos habían encontrado su camino de regreso al avistar a Eruimar. La aldea en sí no poseía más de treinta y cinco hogares, cada uno de ellos una cómoda granja rodeada de dependencias de huertos. Al igual que Culwic, Eruimar fue fundada como un puesto comercial para tramperos y montañeros. Hasta los días de mediados de la Tercera Edad, el pueblo conservaba ese papel, se podía escuchar cualquier historia salvaje cuando estos individuos aventureros venían de visita. Aunque fue fundada por los Dúnedain, la mayoría de las 150 personas de Eruimar eran de Riverman o Northman. Esto, por supuesto, creó algunas dificultades con los recaudadores de impuestos de Arthedain. La ciudad fue sostenida por un puñado de granjeros y pastores locales que vinieron a Lonely Home para hacer negocios. Una pequeña corriente llamada ""Laughing Brook"" goteaba en medio de la comunidad. El riachuelo fue uno de los muchos afluentes que alimentaron a los Lhûn.",,,POINT(-5.002044 53.408169)
628,eaf84f527feadbff51bfee980db3f493,Derwath,city,3200,Gondor,"Derwath (Eo. ""Hardscadu""), la ciudad más grande de Westmarch, existía mucho antes de que se construyera Tilmendir. Originalmente era un pueblo Daen Coentis en su lugar mucho antes de que el Dúnedain zarpara de Númenor para asentarse en las costas. Desde entonces, los Dúnedain se habían mudado lentamente y habían reubicado el área en el vacío dejado por el menguante Daen. Derwath fue el principal centro comercial y agrícola de la región. Tenía varios molinos y un mercado muy activo. La plaga había causado que la ciudad perdiera a varios artesanos clave, algunos de ellos habían sido reemplazados, pero a veces aún sentía los efectos de las vacantes. Derwath era una comunidad pacífica de gente trabajadora que rara vez experimentaba problemas. En general, la sección más pobre de la ciudad era la parte norte y la ciudad se hizo progresivamente más agradable a medida que uno viajaba hacia el sur por la ciudad. Esto se debió principalmente a que la población de trabajadores migrantes vivía en un barrio marginal en el lado norte de la ciudad. La ciudad estaba salpicada de parques y patios atendidos por el jardinero de la ciudad. El gran patio en el centro de la ciudad era el principal punto de reunión de la ciudad y también servía como el gran mercado abierto para agricultores y artesanos de las cercanías. El embalse al este de la ciudad estaba alimentado por manantiales. La escorrentía escapó para fluir hacia el Adornar.",,,POINT(6.088231 45.273966)
629,ec4f1479d90b8b2a23c1a63546f45010,Ostiras,town,400,,,,,POINT(1.248646 45.852942)
630,ed0fd50f861c8ccd1f7b1374b6c56a6f,Annon Wain,city,2500,,"Annon Wain, en el valle superior de Lefnui, era un centro local. Al norte había una gran cantidad de minas, la mayoría de cuyo mineral fue enviado de Annon Wain río abajo a Annúlond. También había algunas industrias madereras cercanas a Annon Wain, que suministraban los abetos altos que crecían en Ered Nimrais a los gondorianos. marina. El pueblo tenía pocos lugares notables. Algunos comerciantes locales tenían casas más grandes de lo normal; de lo contrario, en su mayoría tenía viviendas pequeñas y sencillas. También había unos grandes almacenes cerca del muelle. La población rondaba los 2.500.",,,POINT(2.668339 42.90054)
634,f535f1f9c5a9cc4092a0e881020a584b,Dunmardo,town,111,,,,,POINT(16.458038 44.238871)
888,,town,town,,,,,,POINT(-0.512120491248156 51.3231202577711)
892,,Combe,town,,,,,,POINT(1.40430264139591 51.5959391023737)
893,,ruins,ruins,,,,,,POINT(1.358170285176331 51.09140864638483)
894,,ruins,ruins,,,,,,POINT(1.315079903477513 50.733689290698386)
889,,Longbottom,town,,,,,,POINT(-1.35611683385028 50.776765587848494)
895,,Nobottle,town,,,,,,POINT(-2.077856391045377 51.71224362521898)
896,,Long Cleeve,town,,,,,,POINT(-2.326247277612521 52.2294150659081)
635,f653065afba6a3d653b812c1d745ebdb,Min-Rimmon,tower,75,Gondor,,,,POINT(14.972117 44.364623)
632,f0d0e1a0ee8699729e955990523bc22c,Cerin Balgrist,ruins,,,Ruined city,,,POINT(-0.685963 54.322353)
637,fb3ba2c5b31fd725ba4a69888a9480a0,Annodrun,ruins,,Gondor,Ruined city,,,POINT(1.785819 40.782363)
631,efc7cfee6d7f026f9b104f1dc82c5aa9,Thoronbar,ruins,,,Ruined village,,,POINT(-2.408808 53.576487)
633,f2e70b1b048daf0397847538939dace3,Cum Arelaid,ruins,,Gondor,Ruins. Conjunto de tumbas antiguas,,,POINT(4.688348 44.257728)
638,fd53c3e33a8c151837e9703ed90efc50,Melburg,city,1200,Norteños,"Debido a su estrategico emplazamiento, Maethelburgo
controla virtualmente todo el comercio que se desarrolla en
el Valle del Anduin superior. Ademas de su papel mercantil,
Maethelburgo produce tarnbien una gran cantidad del estaño que utilizan Gondor y Rhovanion, gracias a las numerosas minas. situadas en la zona inferior de !as Hithaeglir.
Pocos viajeros que se dirijan hacia el oeste por el Gran
Camino del Este se olvidaran de comprar provisiones en la
ciudad antes de cruzar las Montañas Nubladas, y la mayor
parte de gente que se dirige hacia el este se detiene aquí para recuperarse del dificil paso a traves de las montañas.
La ciudad esta construida sobre una colina artificial y esta
rodeada por una maciza empalizada de madera que sirve
como argumento defensivo. Aunque un noble nórdico con- .
trola la ciudad y las tierras que la rodean, Gondor mantiene
una pequefia guarnición en Maethelburgo para tener vigilado el centro comercial que considera es la principal via de entrada al norte de Rhovanion. La proximidad de
Maethelburgo con Angmar y las fortalezas orcas de
Gundabad y las Montañas Nubladas tambien provoca la presencia en la ciudad de un numero inusualmente alto de espias, y por eso la mayoría de la gente aprende rapidamente a hablar en voz baja dentro de la muralla. Maethelburgo es uno de los pocos lugares en que los nórdicos hablan libremente con dunedain, montañeses, dunlendinos, enanos e incluso algunos elfos ocasionales, aunque este ambiente cosmopolita ha ido provocando una suspicacia cada vez mayor en todos los intercambios o negocios.",,,POINT(14.879038 52.906108)
639,fe3eeab238fd22a00d7618e979b0b310,Iach Sarn,town,220,,"Alrededor de la base de la colina se aglomeraron las cabañas de un pequeño pueblo, y en la distancia aparecieron pequeñas granjas y arboledas de maderas duras entre los troncos de piedra caliza cubierta de hierba. En la orilla sur del río, justo aguas abajo de la carretera principal, las ruinas de una aldea más grande, sus edificios y muros de tierra y piedra crudas, medio abandonadas y desmoronadas, descansan sobre un montículo artificial. Los escalones conducían por un terraplén de escombros antiguos hasta los muelles ribereños bordeados de transbordadores sin pintar y pesqueros.",,,POINT(-0.586982 50.009316)
640,ff2232851941e9cd4928cae2dc656891,Bar en Dagorath,fortress,80,,,,,POINT(2.105156 55.136498)
641,"",Carn Dum,city,5000,Sauron,,,,POINT(5.713727520310158 56.040605368313436)
642,5324545435545,Estomar,city,324,Noldor,,,,POINT(-9.641471810978715 56.4614552500048)
898,,town,town,,,,,,POINT(1.369152987636412 52.957857622794236)
899,,town,town,,,,,,POINT(1.404851532016717 52.72494897202548)
900,,town,town,,,,,,POINT(1.349193122322411 52.255960176185184)
901,,ruins,ruins,,,,,,POINT(5.048683001237521 51.559819248497654)
902,,ruins,ruins,,,,,,POINT(6.643338425130473 51.63788293276029)
903,,town,town,,,,,,POINT(7.506295563454326 53.24595472167379)
904,,ruins,ruins,,,,,,POINT(10.787766882323357 52.84679801592142)
905,,town,town,,,,,,POINT(6.028935284576269 55.620009748829524)
906,,town,town,,,,,,POINT(6.646131166678444 54.68454577015133)
908,,town,town,,,,,,POINT(-4.642183553926161 51.60355254875421)
875,,Bankling,town,,,,,,POINT(-0.281059651949529 51.57042208785768)
876,,Rushy,town,,,,,,POINT(-0.3063138415665 51.24559960169455)
879,,Flynettle,town,,,,,,POINT(-0.327403633822201 51.14133364945998)
880,,Willowbottom,town,,,,,,POINT(-0.603914243396946 51.06923781163512)
881,,Pincup,town,,,,,,POINT(-1.116981814409183 51.22908454863549)
883,,Tookbank,town,,,,,,POINT(-1.633772169279555 51.336819792142244)
884,,Wood Junction,town,,,,,,POINT(-1.548635046923086 51.465401238033515)
885,,Bywater,town,,,,,,POINT(-1.13209469050118 51.5659580479751)
887,,Waterbury,town,,,,,,POINT(-0.268820877556365 51.62395214709121)
890,,Brocken Borings,town,,,,,,POINT(-0.60625755364758 51.81376537263118)
891,,Dwaling Bank,town,,,,,,POINT(-0.165902829267255 51.915630700513084)
897,,Greenfields,town,,,,,,POINT(-1.461565795128782 52.41560967590633)
907,,Tying Field,town,,,,,,POINT(-2.751444142252875 51.932871796216546)
909,,Grimsly Dale,town,,,,,,POINT(-1.802421935625882 51.74103996842529)
910,,Rendwalk and The Briary,town,,,,,,POINT(-2.152652789927937 50.89560176854078)
911,,Rond Morvin,manor,,,,,,POINT(-3.127986781343948 52.49349526437371)
912,,Ron Hyarr,manor,,,,,,POINT(-2.612400525867402 52.55343009105157)
913,,Telwaen,town,,,,,,POINT(-2.39537737237395 47.492400213632045)
914,,Town,town,,,,,,POINT(2.324096862485927 49.28939841701387)
915,,Town,town,,,,,,POINT(3.505297853911119 48.67361014645488)
916,,camp,camp,,,,,,POINT(3.889309068791732 55.066626992078554)
917,,camp,camp,,,,,,POINT(3.250560054699432 55.315362532985816)
918,,ruins,ruins,,,,,,POINT(4.057661522118384 55.30127142846688)
919,,camp,camp,,,,,,POINT(2.150079679645064 55.45880602341437)
920,,camp,camp,,,,,,POINT(1.045885647532019 55.49949402634118)
921,,camp,camp,,,,,,POINT(-0.007555071445785 55.35760581470521)
922,,tower,tower,,,,,,POINT(-1.47011700972108 54.17072869316659)
923,,tower,tower,,,,,,POINT(-1.960319741466333 54.45524626139686)
924,,tower,tower,,,,,,POINT(-0.910592679547205 54.384661674173415)
925,,manor,manor,,,,,,POINT(-3.027996145835728 54.23734035805953)
926,,manor,manor,,,,,,POINT(-2.357062103901569 54.380336219560036)
927,,manor,manor,,,,,,POINT(-1.091323989736111 54.25180694670706)
928,,manor,manor,,,,,,POINT(-0.653112456812324 54.22865796974938)
929,,manor,manor,,,,,,POINT(-2.116293337930732 53.869645519050046)
930,,manor,manor,,,,,,POINT(-2.012310940287799 53.59577591554835)
931,,manor,manor,,,,,,POINT(-1.990028997935742 53.40433269559471)
932,,manor,manor,,,,,,POINT(0.378046319813423 54.62042696646072)
933,,manor,manor,,,,,,POINT(0.514213745298216 54.91180081036859)
934,,manor,manor,,,,,,POINT(-2.829934436039666 53.29645067997271)
935,,manor,manor,,,,,,POINT(-2.032736054110517 52.853218651896334)
936,,manor,manor,,,,,,POINT(-2.124339594891196 53.19422888013508)
937,,manor,manor,,,,,,POINT(-3.21429794161265 53.07986681731324)
938,,manor,manor,,,,,,POINT(-0.204378895555621 53.72634279039903)
939,,manor,manor,,,,,,POINT(0.263541893837575 53.78196728292313)
940,,manor,manor,,,,,,POINT(-0.021171813994264 53.52077430611689)
941,,manor,manor,,,,,,POINT(-0.130105754382098 54.056079665729136)
942,,manor,manor,,,,,,POINT(0.028343613454752 54.180872179205494)
943,,manor,manor,,,,,,POINT(0.60024680049088 53.53401954683183)
944,,cavern,cavern,,,,,,POINT(-1.129862011886888 54.461699960817796)
945,,manor,manor,,,,,,POINT(-9.778746847887763 50.71664965907998)
946,,manor,manor,,,,,,POINT(-10.18837277054865 50.36215083990908)
947,,manor,manor,,,,,,POINT(-10.680795422258013 50.752504470191425)
948,,manor,manor,,,,,,POINT(-10.44112068027558 50.92587377404722)
949,,manor,manor,,,,,,POINT(-8.310194337922669 51.005462289207145)
950,,manor,manor,,,,,,POINT(-10.724372648073002 51.002720127355516)
951,,Lildamar,town,,,,,,POINT(-10.139348391506788 49.42880451498685)
952,,town,town,,,,,,POINT(-9.299397363922894 49.45926302421696)
953,,town,town,,,,,,POINT(-3.035171153018341 47.25729219880642)
954,,town,town,,,,,,POINT(-1.518683694656744 46.85650782519681)
955,,town,town,,,,,,POINT(-0.385675823467044 48.070219660060765)
956,,town,town,,,,,,POINT(-2.542748501308971 48.877670933209046)
957,,town,town,,,,,,POINT(-2.272569701256043 49.48651796209594)
958,,town,town,,,,,,POINT(1.698405001134777 48.70254310541345)
959,,town,town,,,,,,POINT(1.855283014068735 48.225771330158274)
960,,town,town,,,,,,POINT(1.436941646244846 47.9638250125099)
961,,town,town,,,,,,POINT(-0.549090420273252 44.93627356025649)
962,,town,town,,,,,,POINT(1.241933560722772 48.61114857042575)
963,,town,town,,,,,,POINT(0.082779354044081 48.29032459528381)
964,,town,town,,,,,,POINT(-2.72032569650505 48.48710591824464)
965,,manor,manor,,,,,,POINT(-7.332055541051707 49.765156129584796)
966,,manor,manor,,,,,,POINT(-7.176333230867754 49.427246516371504)
967,,manor,manor,,,,,,POINT(-7.189874301318533 49.62208646772963)
968,,manor,manor,,,,,,POINT(-6.566985060582721 49.68345360877144)
969,,manor,manor,,,,,,POINT(-6.420290130699287 49.433117691244256)
970,,manor,manor,,,,,,POINT(-7.808249851904086 49.60307619397752)
971,,manor,manor,,,,,,POINT(-6.95290556842991 49.88454396722463)
972,,manor,manor,,,,,,POINT(-6.445115426525713 49.803042711380705)
973,,manor,manor,,,,,,POINT(-6.445115426525713 49.803042711380705)
974,,manor,manor,,,,,,POINT(-6.307447876942798 49.51230978759738)
975,,manor,manor,,,,,,POINT(-6.801332894078707 49.70084105801921)
976,,town,town,,,,,,POINT(-7.532914752738256 49.01636703990321)
977,,town,town,,,,,,POINT(-6.972918220725228 48.760747581562775)
978,,town,town,,,,,,POINT(7.139960081413626 42.8889300426459)
979,,town,town,,,,,,POINT(8.176895341117282 42.31115493851449)
980,,town,town,,,,,,POINT(7.36257363959774 41.67941226638539)
981,,town,town,,,,,,POINT(8.598183234329197 41.62295655254813)
982,,Rendul,town,,,,,,POINT(8.57815180508654 43.5070406552782)
983,,town,town,,,,,,POINT(9.116860465244953 44.13098920852048)
984,,town,town,,,,,,POINT(9.613039494338228 44.808792945141505)
985,,town,town,,,,,,POINT(11.247743584545619 40.811760972482716)
986,,Rul,town,,,,,,POINT(22.71094111482394 42.04051328181626)
987,,Estomar,town,,,,,,POINT(-12.043793815810359 54.45190209721756)
500,4106d605bd81fc06a53f32b824e5e37a,Methrast,tower,87,Gondor,Gondor,,,POINT(10.279651 39.454845)
507,476fb6b7cd1817b7359c8b8c58e1a266,Calenhad,tower,54,Gondor,,,,POINT(14.264176 44.278558)
509,482aba99e3d5973b8398277777044585,Cargash,tower,55,Sauron,"Designed to be able to warn the Witch King of the
arrival of intruders and as a base from which he launches his attacks against Arthedain.
Regular patrols usually leave from Mindil Cargash that
They explore the area of En Udanoriath (S. ""No Man's Land""),
which is located between Angmar and Arthedain.",,,POINT(5.813279 54.991128)
547,7c9213e731d938b81aea872e8df58c2b,Amon Din,tower,120,Gondor,"Amon Din was first, counting from east to west, in a chain of seven beacon towers. It is the fire alert transmitted to Minas Anor of any attack on the northern borders of Gondor.",,,POINT(17.414725 43.745926)
558,8c148f9d1af8d5cf47a5659fc57cb055,Endil,tower,24,,"The Prince of Dor-en-Ernil maintained a series of towers along the coast of Belfalas. They were located at strategic points such as promontories, cliffs and islets. Its function was to alert Lond Ernil of a Corsair landing. Endil (S. ""Midpoint"") was one of these coastal lighthouse towers, so called because it stood at the midpoint between Metrast and Dol Amroth, forming the most crucial link in the chat chain of towers followed up the western coast to the peninsula. Situated on a solitary islet a mile offshore, Endil was, in fact, the residence of the warden of the coastal lighthouse system and, as such, possessed a considerable garrison.",,,POINT(9.822337 40.148109)
535,68bdd7527815b3a3996d6fe4a7ffc0d4,Amon Sul,ruins,,,"Ruined tower. From this vantage point, one has an excellent view of the Great East Road as one heads towards Rhudaur. For this reason, the hill served as a strategic focus for western Arthedain and Cardolan and has a history of conflicts around it. The tower of Amon Sûl once held a Palantir, which was moved to Fornost following the invasion of Angmar in T.A. 1409.",,,POINT(3.521455 51.600639)
440,04bc5a40947e50f0eaa4e0a86776c9d1,Barad Garan,ruins,,,Ruined city,,,POINT(-2.068102 53.013253)
453,0d8e3b9e2948db2be16c2f4956546265,Annuminas,ruins,,,"Ruined city. The contrast between the ancient and present capitals of the kingdom of Arthedain was stark and foreboding: one was dead and the other vibrant with uncharacteristic militarism. Situated like a jewel on the southern coast of Nenuial (Lake Evendim), Annuminas, the first and only capital of Arnor, once glittered against the night sky, its many festive torches a bright marker for all who travel through the Northern Kingdom. Little remained now but splinters, stone blocks, and collapsed columns; The faint outline of a great city stretched across the windy hills on the shores of Nenuial. At night, Annuminas was a haunting, desolate, dark place that offered no refuge or direction to anyone.",,,POINT(-0.848949 53.010855)
454,0df0970789f98c362a31cfadb2b83153,Cathiel,ruins,,,"Ruined city. Cathiel was a municipality of Ethir Gwathló in Cardolan. It was in the center of the great cape of Minhiriath about seventy-five miles inland from the mouths of Gwathló. The city had a fairly large population of 4,000 in TA 250. However, its population declined after the middle of the Third Age and the settlement was finally abandoned by TA 1640.",,,POINT(-2.236776 47.126324)
459,1529023a68b193b8bf5fbe78196b3d6e,Enerond,ruins,5,,"Ruined city. Enerond was a township of Brethyar in Arthedain. It was located on the east bank of the Lune River, east of the Annúdhuin-Lhûn confluence. The city had a fairly large population of 5,100 in TA 250. However, its population declined after the middle of the Third Age and the settlement was eventually abandoned at the end of the Third Age.",,,POINT(-1.237397 52.950469)
474,235269a8e1723e126b7887d29c4fd341,Minas Ongoth,ruins,,,Ruined city,,,POINT(-2.005377 54.129843)
553,847e48fd06a77bc060eecf08013ec386,Enerond,ruins,120,Gondor,Ruined city,,,POINT(-4.803929 54.812309)
478,2ac39eaf2604ce7c7b5058e778f63624,Fangoth,ruins,,,Ruined city,,,POINT(0.92569 48.750512)
486,3176e8d194093b2c5dc2ae99f1343b86,Firaen,ruins,,,Ruined city,,,POINT(-3.695985 53.387085)
488,32ec88080dbad7aa7fa3312e02d2fd8e,Lond Daer,ruins,,,"Ruined city. Established as ""Vinyalondë"" or later ""Lond Daer Enedh"", a colony of Númenor by Tar-Aldarion in the 9th century of the Second Age. Lond Daer was mined by a cataclysmic tsunami in S.A. 3319 during the World Change.",,,POINT(-0.911886 46.925789)
515,5011afade619f3d35e1d667cfb0f6f69,Faranel,ruins,,,Ruined city,,,POINT(-1.381329 54.563073)
528,62529e65a017f5026aa81f71c3acec85,Rildolach,ruins,,,Ruined city,,,POINT(-3.902661 53.717587)
609,c978f08eddb9e7e5d44df0e1dd8ecf49,Amrelor,ruins,,,Ruined city,,,POINT(0.584601 47.809059)
600,c2392ab49a7d6e2b9754ceb14dfb2040,Forondir,ruins,,,Ruined city,,,POINT(-3.382325 47.966594)
495,3b0b65c60127a330e405a5e4f60c6590,Herubar Gular,ruins,50,Orcos,"Ruined castle. Originally, Herubar Gûlar was a dwarven camp of Broadbeams that wandered north to Zarak-Dûm. Later, when the Dark Lord invaded Eriador and the southern Trollshaws became a center of Dark Worship, the Númenoreans built a fortification to guard the land. With the founding of Arnor, the fort became a mansion for a local family of Dúnadan lords. With the wars that followed the Rhudaur separatism, the castle was abandoned and fell into ruins. It became known as ""Herubar Gûlar"" or ""Manor of the Sorcerer"" to the locals. An orc hideout and an agent of the Witch King known as Ar-Gûlar.",,,POINT(7.128556 52.04951)
625,e743898b5429b1759f42f3eeedf353a1,Moria,dwarven mine,312,Dwarves,"(Kh. ""Mansión enana""; S. ""Hadhodrond""; W. ""Dwarrowdelf ') También se conoce como Moria (S."" Black Chasm ""), Black Pit y Mines of Moria. Khazaddum se alza como ciudadela , mansión y ciudad de la gente de Durin, la más noble de las Siete Tribus de los Enanos. Fundada a principios de la Primera Edad en cuevas debajo de las Montañas Nubladas, domina e incorpora el valle sagrado llamado Azanulbizar. Desde entonces, Khazad-dum ha sido expandido para incluir siete niveles principales que se extienden a lo ancho de la cordillera y se extienden debajo de las tres montañas Caradhras, Fanuidhol y Celebdil. A principios de la Segunda Edad, los Enanos descubrieron Mithril (S. ""Llama Gris""; W. ""Plata verdadera"" "") aquí, y muchos de las Montañas Azules emigraron a la casa de Durin.",,,POINT(9.173216 49.128243)
472,223f370e8996d2b428a5d4e5d6c21035,Imladris (Rivendell),fortified city,2300,"Noldor Elves, Silvan Elves, Sindar Elves, Half-Elves, Dúnedain","Rivendell, or Imladris, had long been a place of refuge in the inhospitable lands of Rhudaur that surrounded the valley. Located between the north and south forks of the Bruinen (Loudwater) in the Pinefells, the refuge's security derives from the power of Elrond half-elf and the most powerful of the Three Elven Rings, Vilya, Ring of Air. Evil things could not happen within the boundaries of Elrond's kingdom. Angmar's spies and even the Dark Lord's strongest minions, the Nazgûl, only dared to snoop around the borders of the enchanted valley.",,,POINT(9.871206 51.52831)
511,4935db7004ad27dfe5c8740008ea1b23,Minas Ithil,fortified city,30000,Gondor,"Minas Ithil was a Gondorian city protected by a deep valley in the Ephel Dúath. It was the largest urban center east of Anduin. The city suffered the effects of isolation from the rest of Gondor after the Great Plague, although it was far from extinct, due to its thriving wool trade. The City of the Moon was best known, however, as the intellectual and spiritual center of Gondor. Many artists, scholars and spiritual people sought out the tolerant streets of Minas Ithil to pursue their occupations. Despite the gradual decay of some of the oldest buildings, Minas Ithil was home to some of the most dramatic architecture in Gondor. The more practical citizens of Minas Anor and Pelargir saw Minas Ithil as a place of madness, but the City of the Moon remained a jewel among cities.",,,POINT(18.905247 43.528463)
572,97e0564175cce6367da1abe875f4d424,Cor Angaladh,point of interest,0,Elfos Silvanos,"Camposanto ritual, actualmente en desuso.
Este lugar, en la actualidad oscurecido por las sombras
del Bosque Negro, fue antaño uno de los puntos mas sagrados de los nordicos; ahora los hombres del norte evitan el cementerio, ya que temen que este maldito.",,,POINT(19.715491 50.24128)
576,9eb4aada9066b6970cc3fa4b0713f534,Rhosgobel,point of interest,1,,"Lugar de curación y cultivo de hierbas; refugio
en el Bosque Negro; centro de observación de Dol Guldur.
Rhosgobel es un lugar sencillo, forrnado por Ias ramas
de un gran roble. Radagast posee uno de los jardines de hierbas mas grandes de la Tierra Media, y muchos de los Pueblos Libres que viven en el bosque suelen buscar Rhosgobel cuando son tiempos dificiles.",,,POINT(15.953922 50.443346)
582,a93d0de04ea8b6508387274bbf869d77,Carrock,point of interest,,beornidas,"Este islote del Anduin, situado entre el Jach Iaur y
Maethelburgo, tiene una gran importancia espiritual para los beijabar que viven en la zona. El Anduin no es muy profundo en esta zona, lo que permite vadear el río cerca de la Carroca, aunque la rapidez de las aguas puede añadir cierto peligro al cruce, especialmente en la ribera derecha del río.",,,POINT(15.064321 52.083825)
610,cba3c1d32999386b7650ada2d73f473c,Dol Guldur,point of interest,2100,Orcos,"Dol Guldur (Orc. ""Nazburz"" Rhov. ""Naquath Hlain"") fue el gran volcán muerto y fortaleza de Sauron del sur de Mirkwood. Era la capital y, a menudo, incluso sinónimo del Reino del Nigromante.",,,POINT(15.813102 49.377965)
596,bf4f93c27a04a22a4cb95b6e9b2da0ce,Bar-en-Dinnen,point of interest,432,Gondor,"Bar-en-Dinnen (S. ""Morada en el Dinnen"") era un pueblo pesquero y una ciudad comercial en el sur de Ithilien, a unas 60 millas al sur de Minas Tirith, ubicado en la unión de los ríos Tinnen y Anduin, en la orilla oriental del Anduin en la confluencia de Tinnen, a sesenta millas río abajo de Harlond y noventa millas río arriba de Pelargir.  El asentamiento terrestre más cercano a Bar-en-Dinnen estaba a treinta millas río arriba en Iant Tinnen. Como la ciudad era el único asentamiento ribereño de importancia en Harithilien al norte de Hyarpende, Bar-en-Dinnen era un importante centro para el comercio fluvial local entre Ithilien y las aldeas más pobladas de Lebennin.",,,POINT(17.723223 42.143878)
606,c66de1535d5084394d382b401eb3ed69,Caborlad,point of interest,,,,,,POINT(8.681894 42.644397)
608,c954bfcce69f4d05de5e64251168df37,Erynwaith,point of interest,,,,,,POINT(-0.389766 45.155728)
627,e901438cd57190a3a650728131f750ba,Halifirien,point of interest,100,Gondor,"Halifirien (S. ""Amon Anwar"" o ""Fornarthan"") descansaba en la frontera de Anórien y Calenardhon. El lugar había sido sagrado por fin desde la Segunda Edad, cuando era conocido como Eilenaer (Dn. ""Holy Hill"") para el Los hombres de las Montañas Blancas, que parecen haber adorado a ambos, la Montaña y la Arboleda Sagrada a sus pies, un grupo de antiguas Piedras en pie todavía recordaban su culto olvidado hace mucho tiempo. Más tarde, Isildur Elendilion tenía un montículo conmemorativo levantado en la cima de las colinas conocidas como la Tumba de Elendil. El ataúd que una vez se mantuvo en el Montículo fue llevado a Minas Tirith por Steward Cirion después del Juramento de Eorl, sellando la alianza formal entre Rohan y Gondor que había jurado en el Montículo y Halifirien y las tierras circundantes pasaron al tenencia de los Eorlingas.",,,POINT(13.655401 44.526185)
636,faa489819ad48c1b1b1bb97ec8a4989b,Ethraid Engrin,point of interest,,,"Aquellos que deseen cruzar la brecha de Rohan se vieron bloqueados por el río Isen. Ningún puente atravesaba esta poderosa vía fluvial, y todos tuvieron que viajar a los vados para obtener el paso. Los Rohirrim patrullaban esta área lo mejor que podían, ya que marcaba la entrada principal a sus tierras desde el oeste, y los Hombres de Dunland a menudo habían tomado el control de los vados, exigiendo el pago a cambio del paso, especialmente durante el tiempo de Dunlending. ocupación de Nan Curunír. Tres hileras de piedras anchas y planas se extienden a través de las aguas, con vados graduados entre ellos para los caballos. El camino conducía sobre un banco de arena que se detenía en el centro. Las aguas torrenciales generalmente balbuceaban y se agitaban sobre las piedras, ofreciendo solo un pequeño impedimento para aquellos que se mantenían en el vado.",,,POINT(7.493416 46.358231)
