"id","external_id","name","location_type","population","race","description","region","image_url","geom_wkt"
"437","00e5f2d229a2edcf3766d67af82c63af","Gwaerost","castle","50","","","","","POINT(2.943926 40.441266)"
"438","033f56d8b661b104d5a147e1a75be0b1","Rond Deren","manor","15","","","","","POINT(6.361441 43.005169)"
"439","03d2ab1b44e07dd4eda050853c7d7a9e","Tarmabar","fortress","82","","The Tarmas were second only to the King, but had a history of subordination against the throne. Surprisingly, his seat of power was not a well-defended fortress, but rather a pleasant, open estate filled with dozens of relatives and servants. In the Third Age, Tarmabar became a secret refuge for the Northern Rangers. The ancient ruins were known to the Hobbits as Nob Hill.","","","POINT(-2.10898 52.659012)"
"441","04e3220ac767492d0a7e4a40af1cf5f7","Sunthra Unsar","city","6000","Dunlendings","Originally built under the name Mistalonde, the city appeared in records from the mid-Second Age until T.A. 1503, when Gordaig of Saerlann captured and renamed it Sunthra Unsar. The rebuilt city became the seat of power of the Saerlannish (Dynion) clan, and its inhabitants were almost entirely hillmen.","","","POINT(-0.338526 47.295549)"
"442","0573bacfdc7be405711b2229aac84155","Eolburg","town","220","Northmen","Buhr Ailgra is one of the few permanent colonies of the Eothraim, who follow the migratory movements of their flocks across the plains of Rhovanion. The village is a simple community with houses built of straw and peat, surrounded by a sturdy earthen fence.","","","POINT(22.190484 50.535117)"
"443","05bfff19fd4ef4921a8ab483a9a1606e","Oatbarton","town","200","Hobbits","In the early days of the Shire, the region of Oatbarton was the site of an ancient Arthadan settlement known as Barrow. Oatbarton later became a Hobbit town and farming colony. The name was Bree-land slang meaning oats and barley sausage.","","","POINT(-1.144238 51.970683)"
"444","06a832f049e40fd2956c67aafa4b97b4","Tir Elena","town","490","Gondor","","","","POINT(17.042721 43.969903)"
"445","0780dc18f26046f385079adf790b14cb","Nornhabar","dwarven mine","84","Dwarves","The dwarven population varied considerably, having reached its peak in the Second Age. It was mainly abandoned before the War of the Last Alliance and, although never completely deserted, was largely dilapidated by T.A. 1643.","","","POINT(-6.24766 50.463435)"
"446","095f5496d06b45426748380218dd28bc","Balost","castle","132","Eriadorians","","","","POINT(0.84075 48.028125)"
"447","097732fb0cf5be220774f197e7b5e939","Lindabad","manor","20","","","","","POINT(3.339786 42.953196)"
"448","09ebe7fb2ead8fce2e13bcb494347b54","Hwarin","village","100","","","","","POINT(1.579458 39.692717)"
"449","0a4b4faabc031f6513c920b1a7889659","Frogmorton","town","200","","A successful community still holding its open-air meetings on the hill south of the town. Its central location on the Great East Road made it an ideal location for regional gatherings. Frogmorton Market was held at the bottom of the hill.","","","POINT(-0.546626 51.552754)"
"450","0ad87f9426e41d0331a292db56e11def","Cair Andros","fortress","560","Gondor","Cair Andros (S. Ship of Long Foam) was an island fortress on the River Anduin, roughly forty miles north of Osgiliath. Shaped like a great ship with a high rocky prow pointing north, it was fortified by Steward Túrin II to protect Anórien from enemy crossings. It served as a vital northern bulwark of Gondor against Mordor throughout the late Third Age.","","","POINT(17.804309 44.121168)"
"451","0b2e6a36edcefc06e5f110a065fd8a4b","Beldwin","fortified city","475","Gondor","Beldwin lay just south of the River Isen, near an ancient bridge still in use, built by the Dúnedain in ancient times. In the days of the Riddermark, it was renamed Fréaham and became the main settlement of Westmarch.","","","POINT(6.583805 46.066796)"
"452","0d1123b21ecdf4915a1414dfbdc79bd8","Minas Thonfalon","ruins","","","Ruined tower. Located in the middle of the marshy Swamp Coast, its foundations were slowly sinking into the waterlogged ground.","","","POINT(-3.694613 47.422739)"
"453","0d8e3b9e2948db2be16c2f4956546265","Annuminas","ruins","","","Ruined city. Once the first capital of Arnor, Annúminas stood on the southern shores of Lake Evendim. In its prime it glittered against the night sky, its festive torches visible across the Northern Kingdom. By the Third Age little remained but stone blocks and collapsed columns, a haunting and desolate place.","","","POINT(-0.848949 53.010855)"
"454","0df0970789f98c362a31cfadb2b83153","Cathiel","ruins","","","Ruined city. Cathiel was a settlement of Ethir Gwathló in Cardolan, about seventy-five miles inland from the mouths of the Gwathló. It had a population of roughly 4,000 in T.A. 250, declining through the Third Age and finally abandoned by T.A. 1640.","","","POINT(-2.236776 47.126324)"
"455","0fefd0115eb8dc430522a1ee0368e24e","Haerlond","point of interest","","","","","","POINT(1.892833 40.529686)"
"456","125192817421a689c47d02e86b8e7513","Calembel","city","2000","Gondor","The main town of Lamedon, Calembel (S. Greenham) was conveniently located east of the Fords of Ciril, on the road linking central Gondor with the mining communities of the southern White Mountains. People from across Lamedon and northern Mornan traded goods here; most ore was shipped directly to Linhir and Pelargir.","","","POINT(11.577131 43.689014)"
"457","12861aa0bb58c19dd55228f70e240f6b","Bree","city","1500","","Bree is the largest settlement of Bree-land, a region that is peaceful, agricultural, and largely self-governing. Built around a large hill and protected by a formidable dyke topped with a thick hedge, it is one of the few places in Middle-earth where Men and Hobbits live side by side. Its central location on the Great East Road makes it a crossroads of trade and information.","","","POINT(1.228323 51.560255)"
"458","13328700f334769383730b40c93d2add","Greenholm","town","310","Humans, Hobbits, Silvan Elves","A quiet outpost in the middle Third Age, home to a few Arthadan families coexisting with nearby Elves who observed the comings and goings of mortals on behalf of the lords of the Grey Havens. One of the Elves, Sinda Calenlinn, was an expert herbalist fond of fermented grains.","","","POINT(-3.382751 51.39257)"
"459","1529023a68b193b8bf5fbe78196b3d6e","Enerond","ruins","5","","Ruined city. Enerond was a township of Brethyar in Arthedain, on the east bank of the Lune River. It had a population of about 5,100 in T.A. 250, declining through the Third Age until abandoned before its end.","","","POINT(-1.237397 52.950469)"
"460","1534c928808a039095dd49e5eb3d37b9","Lomost","fortress","120","Gondor","","","","POINT(3.325376 40.91388)"
"461","155d4c11e6dc874f9b09cb0dd0f37f1b","Ethring","city","1300","","Ethring (S. Cold Spring) was established during the Gondorian conquest on the eastern bank of the Ringló at the junction of the Rathon Arat. Its name derived from the icy mountain streams nearby. Ethring became a large market town at harvest time, serving travelers along the Gondor Road, with mining and blacksmithing as subsidiary industries.","","","POINT(12.41734 43.320786)"
"462","15ba230084a51abb21a6873b76a635a0","Fornost Erain","fortified city","3100","Dúnedain","Located on a steep rise on the southern slopes of the North Downs, Fornost served as both fortress and town — the royal seat of Arthedain after the sack of Annúminas in T.A. 1409. A somber mood pervaded the court as the Dúnedain stood ever ready to face another assault from the Witch-King. The wisest scholars and the largest library of the Northern Kingdoms were found here.","","","POINT(1.475915 53.015801)"
"463","1691e47321554c359e67eaa3f4b72b85","Galenros","point of interest","","","","","","POINT(-6.386798 53.375535)"
"464","16cbb3fddb6eb25580cda7bcfc7f71e9","Harlond","city","650","","Harlond was a more hospitable Elven harbour than Forlond or Mithlond, a place of simple pleasures rather than great deeds. Nearly invisible from the sea, it lay sheltered behind a protective promontory. Few large swan-ships departed from its docks, though many small elven pleasure craft anchored here before setting sail for the wider world.","","","POINT(-8.135416 50.782548)"
"465","1978c4880d101efe741d9f6709199d4f","Eithel Thurin","town","620","Corsairs","Eithel Túrin (S. The Well of Túrin) was a quiet settlement of several hundred souls, situated halfway between Methir and Barad Harn. It was founded in T.A. 932 by Gondorian veterans wounded in the wars against the Haruze and Umbarians.","","","POINT(13.750343 39.180084)"
"466","19f01cb59625b48166dd6ffef0991750","Minas Arthor","city","5000","Gondor","Minas Arthor, once the capital of Arnach, was situated at the crossings of the Erui, where a settlement had existed since the earliest chronicles. Founded at the beginning of the Third Age, it grew into the center of a prosperous agricultural district.","","","POINT(16.769285 42.493854)"
"467","1a056b5e31d35c42e643f9f716ee1b84","Lond Rhaen","village","120","","","","","POINT(0.966925 39.862769)"
"468","1a43bb9d28424d1c7a09348ba2f53e46","Mirimar","city","560","","","","","POINT(-10.308741 52.60319)"
"469","1c4692f658908ed6ebfc090f4b3ab0a5","Bar Astirian","manor","20","","Astorion Manor (S. Bâr Astorion) was the former home of House Astorion, a noble Gondorian family. It was situated on the outskirts of the Entwash Mouths, north of Min-Rimmon, where the family held extensive lands.","","","POINT(14.603374 45.026475)"
"470","212b1c186141ab63909ccb43e5d88c00","Ossarnen","point of interest","1400","Gondor","Setmaenen, known as Ossarnen to the Dúnedain and Gondorians, was a small mining town in the province of Lamedon and the site of an ancient sacred place of the Mountain Men. The word Ossarnen alludes to the Setmaenen Stones, a pre-Númenórean ceremonial complex of megalithic structures outside the town.","","","POINT(11.391809 44.11232)"
"471","221d7d6f3912b1b81ab7b3186ce88fb3","Gram","dwarven mine","1000","Orcs","The Witch-King's servants erected this mountain fortress on the southern branch of the Misty Mountains forming the boundary of Nan Angmar. Gram was the most formidable Orc stronghold west of the mountains; no man had ever escaped its depths to give a coherent account of its interior.","","","POINT(7.71789 54.443782)"
"472","223f370e8996d2b428a5d4e5d6c21035","Imladris (Rivendell)","fortified city","2300","Noldor Elves, Silvan Elves, Sindar Elves, Half-Elves, Dúnedain","Rivendell (S. Imladris) was a refuge in the valley of the Bruinen, protected by the power of Elrond Half-elven and Vilya, the Ring of Air. Evil could not enter its boundaries; even the Nazgûl dared only to prowl its borders. The refuge offered counsel, healing, and rest to all free peoples who found their way to its hidden gates.","","","POINT(9.871206 51.52831)"
"473","22fe3e29220c0d9a82bfb2680d8b854a","Tharbad","city","21345","","Since the fall of King Ostoher in T.A. 1410, the ancient Númenórean port of Tharbad had been losing the glory it once possessed. Still the largest city in Eriador, it was riven by petty rivalries among the surviving princes of Cardolan, guild conflicts, and a growing criminal class. Only its role as the main commercial hub north of Gondor kept the city from self-destruction.","","","POINT(3.094174 48.841242)"
"474","235269a8e1723e126b7887d29c4fd341","Minas Ongoth","ruins","","","Ruined city.","","","POINT(-2.005377 54.129843)"
"475","23a6ef21a52eb11823391f20df3fc5a7","Bar Engui","village","60","","","","","POINT(-0.162456 40.376272)"
"476","25d3ae62f10cbc7919506ae65fd7dd2c","Athrad Poros","town","450","","The ford settlement of Athrad Poros was an important stop on the land trade route south. It began as a military garrison protecting the border between the nascent Kingdom-in-Exile and the Umbarean sphere of influence. When the Harnen Corridor opened, Athrad Poros became a critical juncture for trade with Near Harad and Khand.","","","POINT(18.127267 40.357852)"
"477","28a90db52bc32e64d25b3ba266dd7c80","Rood","town","280","Dúnedain","Rood (originally Ruaduin), once the largest city of Nan Turnath, was a hum of commerce where the King's Road met the Baranduin. By the late Third Age it suffered severely from plague and the incompetence of its feudal lord. Many of its stone houses stood abandoned and decaying, while much of the surviving population had fled to Fornost.","","","POINT(0.44034 52.870134)"
"478","2ac39eaf2604ce7c7b5058e778f63624","Fangoth","ruins","","","Ruined city.","","","POINT(0.92569 48.750512)"
"479","2c1d9a8d2a5d1ab62942438dfd375a62","Minas Tirith","fortified city","25000","Gondor","Originally called Minas Anor (S. Tower of the Sun), Minas Tirith was built at the foot of Mount Mindolluin in the Ered Nimrais. The city rose in seven concentric tiers of white stone, each gate offset from the last, and the White Tower housed the last Palantír in Gondor's keeping. Together with Osgiliath and Minas Ithil, it formed the core of Gondor.","","","POINT(17.422569 43.158864)"
"480","2ca07fa0e4327709a553cdaef455adce","Tir Feren","castle","80","Gondor","","","","POINT(2.740454 41.548916)"
"481","2cfbecb372b043aee8f642cd6a7b86ed","Car Gaul","manor","30","","","","","POINT(1.549864 42.010386)"
"482","2d63757ee0677b0d14e6ef15cf80e497","Mithlond","city","9200","Nandor, Sindar, Noldor","Mithlond (S. Grey Havens) was the chief harbour of Lindon, ruled directly by Círdan the Shipwright and his council. Fast elven ships crossed the Gulf of Lhûn regularly; at night their lanterns made the waters dance with brilliant light. An open city of magic and beauty, Mithlond welcomed honest travelers, though its Elven welcome could seem cold to those unfamiliar with their customs.","","","POINT(-5.813533 51.636483)"
"483","2f80c0f3f97fa5120648aac455745217","Linhir","city","4100","","Linhir (S. River Fords) was a prosperous and busy port, its ancient Númenórean walls enclosing a city that had been an important urban center for millennia. A large population of unsavory characters preyed upon the weak and gullible amid the bustle of river trade.","","","POINT(13.13929 41.259747)"
"484","2fb7c7e28436f4bd9c61816182aed529","Bar-i-Dinuviel","town","244","Noldor","Bar-i-Dinuviel (S. Home of the Nightingale; Os. Mbar Tinduvela) was a fishing village on the coast of Dor Tinuviel.","","","POINT(-7.395721 48.731791)"
"485","3111faba40b284fcb721cbdcf31ac234","Edoras","city","1600","Rohirrim","Edoras (R. The Courts) was the capital of Rohan, built upon an ancient hill site at the northern edge of the White Mountains. The great hall Meduseld crowned the hill, and the kings of the Mark were buried in twin rows of barrows outside the main gate. The surrounding treeless plains gave its lookouts a commanding view of all approaches.","","","POINT(9.385098 45.345745)"
"486","3176e8d194093b2c5dc2ae99f1343b86","Firaen","ruins","","","Ruined city.","","","POINT(-3.695985 53.387085)"
"487","31a29acf8ccc956ecf4321750e626859","Litash","city","3400","Sauron","Litash served as a training center for priests of the Dark Religion and as the primary base for tax collection in eastern Angmar. It was one of the Witch-King's chief instruments for controlling the eastern reaches of his domain.","","","POINT(9.489663 54.634588)"
"488","32ec88080dbad7aa7fa3312e02d2fd8e","Lond Daer","ruins","","","Ruined city. Established as Vinyalondë by Tar-Aldarion in the 9th century of the Second Age, later known as Lond Daer Enedh, it was a great Númenórean colonial port. It was devastated by the cataclysmic tsunami of S.A. 3319 that accompanied the Downfall of Númenor.","","","POINT(-0.911886 46.925789)"
"489","330a8f4cdc4243eab59df18dc11bc301","Himihiril","castle","50","Gondor","","","","POINT(-3.212527 54.57971)"
"490","33776f6e655140f9d3dcf37a1f809675","Woodmen Village","town","200","Woodmen","A small village of the Woodmen in the Upper Anduin Vales, partially built on large platforms in the trees in the Elven fashion, reflecting the friendly relations between the Woodmen and the nearby Wood-Elves.","","","POINT(16.365852 51.231894)"
"491","364708d6d5fa3c5222b7232ac0755ec8","Turonost","city","890","Noldor","","","","POINT(-11.932362 55.033719)"
"492","39a1fb6f2b80d2adcf19c573d6e18ad2","Arailt","fortress","120","Dunlendings","Arailt Hold was the ancient seat of the Dunlending Arailt clan. By the time of the War of the Ring it had long been abandoned; the Rohirrim had established a scouting camp above the ruins and nearby caves.","","","POINT(6.432063 47.021704)"
"493","3a0e8f7057a10fdba04997b4c64e5c03","Cerin Amroth","manor","","Silvan Elves","Cerin Amroth (S. Hill of Amroth) was the wooded hill that served as the home and court of King Amroth of Lórien during the Third Age. Even after his departure, the hill retained a timeless quality, fragrant with elanor and niphredil.","","","POINT(12.115104 49.415377)"
"494","3a6a1f51e11f666f2597c738833772d8","Fennas Drunnin","town","430","","A Council directed most affairs in Fennas Drúnin, a town that depended on local farms and vineyards for its prosperity. Some Hobbits lived nearby but generally avoided contact with the townspeople. Far from the main roads of Cardolan, it was a good base for anyone wishing to explore southern Rhudaur or the Elven ruins of Eregion.","","","POINT(5.871737 50.178819)"
"495","3b0b65c60127a330e405a5e4f60c6590","Herubar Gular","ruins","50","Orcs","Ruined castle. Originally a Broadbeam Dwarf camp, later fortified by the Númenóreans and then used as a Dúnadan lordly mansion after the founding of Arnor. Abandoned during the wars following Rhudaur's separatism, it became known as Herubar Gûlar (Manor of the Sorcerer) and was later used as a hideout by the Witch-King's agent Ar-Gûlar.","","","POINT(7.128556 52.04951)"
"496","3d368f4dc9bafeeb9ae34a63791ffd66","Mindolhendi","city","900","","","","","POINT(-8.571719 55.929858)"
"497","3d50c595ccaa0ae4f93d96ce0dd050c6","Eredimar","village","92","Silvan Elves, Dwarves, Men, Hobbits","Eredimar (S. Mountain Home) lay at the foot of the Ered Luin within the valley of Imladorn (S. The Wooded Valley). Despite housing fewer than 100 people, it was remarkable for its cultural diversity — Hobbits, Dwarves, Elves, and Men had all settled here at various times. Sulfur springs nearby gave Eredimar renown as a place of healing, and three well-maintained lodges welcomed travelers.","","","POINT(-7.199672 52.568257)"
"498","3d84453a5c46f62464fcb2edc61b25e1","Filimer","ruins","","","Ruined city.","","","POINT(4.034143 49.498538)"
"499","3df2661c13cb9ec080b86da4f7a5298b","Bar Irlossiel","ruins","","","Ruined castle. Barad Perinluoss, commonly known as the Silent Castle, was an ancient Elven refuge in southern Sîrgala — an independent community of Wood-Elves and Arthadan religious refugees who pledged fealty to a half-Elf known as Iralussiel the Tranquil. Iralussiel died mysteriously around the 11th or 12th century T.A., and the shelter became eerily peaceful thereafter.","","","POINT(-1.862215 50.200255)"
"500","4106d605bd81fc06a53f32b824e5e37a","Methrast","tower","87","Gondor","","","","POINT(10.279651 39.454845)"
"501","4291252739bbc7141616918bcaba22ad","Nan i Naugrim","dwarven mine","430","","The greatest mine of Nan-i-Naugrim and the capital of the Broadbeam Dwarves since the Second Age. By the mid-Third Age, Edennogrod — the largely ruined Khazad above Nan-i-Naugrim — stood as a shadow of its former self. At the end of the Third Age it was ruled by the feudal lord Grár, who held the honorary title Mountain King among the Shire-folk.","","","POINT(-7.108307 54.632519)"
"504","440c871cf631fbad125559f4e3d7fcea","Minas Girithlin","castle","60","","The castle had withstood many sieges, as evidenced by the numerous scars left by fire and siege engines on its exterior walls.","","","POINT(-2.625009 48.761944)"
"505","443fc38145c4ef1c1899d04d3d02ce4d","Bar Adorn","town","600","","Bar Adorn was a settlement on the River Adorn near the western borders of Rohan, serving as a minor trading post between the Rohirrim and the Dunlendings of the region.","","","POINT(3.388161 46.091757)"
"506","46d9ea208b4d78d838a35cbfe57ccc5f","Saerthondost","fortress","200","Gondor","Saerthondost was one of two Dúnedain strongholds protecting Pinnath Gelin and Nan Lefnui from the wilds of Hairaverkien. Located on the north bank of the Lefnui where the river turned sharply northwest, it was named for the nearby swamps rich in shepherd's herbs. A lighthouse tower linked it to its sister fortress Pinnornost to the northeast; it was founded in T.A. 823 and abandoned in T.A. 2157.","","","POINT(3.287055 42.466171)"
"507","476fb6b7cd1817b7359c8b8c58e1a266","Calenhad","tower","54","Gondor","","","","POINT(14.264176 44.278558)"
"508","481a34f0a4593aa08c7b358c62091a35","Adavalinda","village","140","","","","","POINT(1.378078 41.886452)"
"509","482aba99e3d5973b8398277777044585","Cargash","tower","55","Sauron","Cargash was designed to warn the Witch-King of approaching intruders and to serve as a base for patrols into the No-Man's-Land of En Udanoriath between Angmar and Arthedain. Regular sorties launched from Cargash kept the frontier under constant surveillance.","","","POINT(5.813279 54.991128)"
"510","48d6956a9e549bdf8867e069a7424d2c","Thingastathbaurg","town","150","Woodmen","","","","POINT(13.723291 53.101593)"
"511","4935db7004ad27dfe5c8740008ea1b23","Minas Ithil","fortified city","30000","Gondor","Minas Ithil (S. Tower of the Moon) was a Gondorian city protected by a deep valley in the Ephel Dúath and the largest urban center east of the Anduin. Known as the intellectual and spiritual capital of Gondor, it was a refuge for artists, scholars, and seekers of tolerance. Its dramatic architecture was unrivaled in the kingdom.","","","POINT(18.905247 43.528463)"
"512","493a02d2bcbd0fb36907edb7ea0eecaf","Michel Delving","town","650","Hobbits","Michel Delving was the chief town and administrative center of the Shire, located in the White Downs of Westfarthing. It was the seat of the Mayor of the Shire and housed the Mathom-house, a museum of Hobbit curiosities.","","","POINT(-2.454585 51.363869)"
"513","4a24da5b5ac1a6c3fb9cdd15d503819f","Vidusbaurg","town","520","Northmen","Buhr Widu, situated near the small Forest Lake, retained some of the royal splendor of the days of Vidugavia. The Grammuz princes who ruled it after the Plague lacked the strength to restore its former glory. Like most Northman villages on the plains, it consisted of long wooden and thatched houses defended by an earthen wall and sturdy wooden towers.","","","POINT(20.2981 50.405638)"
"514","4be9468f854fa8a1dcb64764ace32902","Morkai","castle","1000","Sauron","Barad Morkai rose atop a granite promontory overlooking the Way of Angmar. The fortress comprised thick walls and square bastions, built to withstand the most powerful siege engines of the age.","","","POINT(6.60636 55.068171)"
"515","5011afade619f3d35e1d667cfb0f6f69","Faranel","ruins","","","Ruined city.","","","POINT(-1.381329 54.563073)"
"517","556e0b805bb4afe0be501c6fb7924f5e","Bar Morthil","point of interest","","Dúnedain","","","","POINT(-3.144798 39.274599)"
"518","5782c24e1c9a90bd8ae93a0624d9e87d","Tilmendir","castle","140","Gondor","Tilmendir monitored traffic moving between Westmarch and Anfalas, and projected Gondorian authority over the local Dunnish tribes.","","","POINT(6.214492 45.163506)"
"521","59cf3830ff27cef7e73d05bbe03b3805","Guinnion","ruins","","","Ruined village.","","","POINT(-1.168778 47.430766)"
"522","5abbd6f333ee1250e91efc4a02013c02","Bodroth","city","0","","Bodroth was a city of Eketyar in Arthedain, situated on the northern shores of Lake Evendim about forty miles north of Annúminas. It had a population of roughly 4,900 in T.A. 250, but declined through the Third Age and was eventually abandoned, though it survived the fall of the last King by several generations.","","","POINT(-1.098611 53.3107)"
"523","5cbba5e7606045d742bbfc0cd65aa0b1","Culwic","town","400","Gondor, Dwarves","Culwic, originally known as Himtil or Himobel (S. Chill Village) and later as Colwich, was a small town in western Arthedain on the Little Lune, just north of the borders of Dor Lelvin and Lindon. Its mixed population of Men and Dwarves supported the dwarven settlements to the north through industry and agriculture.","","","POINT(-6.450549 53.936333)"
"525","5ee93f5bc3e4001805d234e95a79657d","Cirith Dudhrandir","town","450","","Cirith Dudhrandir was the only major mountain pass through the Belfalas Peninsula and the only one with a paved road, making it strategically vital for Gondor's southern defenses. At 5,800 feet and over sixty miles east to west, it was guarded by the fortress of Naur Amrûn. The pass was named in S.A. 3400 when Edhelion of Eldalonde received Belfalas as a fief.","","","POINT(10.161853 41.049572)"
"526","5f7b31b1e45bc32f9710965931ec02be","Anghul","castle","80","Sauron","","","","POINT(5.880489 55.633701)"
"527","60d41486e9354c4d4dd2445e69e812e8","Forlond","city","780","Noldor","Forlond, the Elven harbour of Forlindon, lay hidden in a steep fjord whose sheltered waters protected the Elven fleet from the storms of the Belegaer. Less populous than the nearby Grey Havens, it was nonetheless an important coastal centre where Elves built beautiful ships destined to carry them to Aman.","","","POINT(-9.783386 52.192311)"
"528","62529e65a017f5026aa81f71c3acec85","Rildolach","ruins","","","Ruined city.","","","POINT(-3.902661 53.717587)"
"529","62ee9d110b26b1dfee272ff8634879da","Malehaut","village","45","","","","","POINT(-3.251467 47.012628)"
"530","6442aa8e9dbeb487c3a787e44786eb05","Iant Methed","point of interest","5","","Iant Methed (The Last Bridge) was built of stone with three great arches at the height of Arnorian power in T.A. 320. In the petty wars of Rhudaur the crossing was generally considered neutral ground. The Last Inn, long run by the Grumm family, stood nearby; just northwest lay the ruins of Dol Elerilde, stronghold of an old lord of Rhudaur.","","","POINT(6.656038 51.505654)"
"531","650c99a437e0cce7a326674897da17d6","Laur Dunnen","town","420","","Larach Duhnnan lay on territory of Clan Feargan but the flow of foreign traffic made it a neutral ground for inter-tribal discussions and trade. It had no walls, relying on the nearby Feargan fortress for defense, and sat at one of the few accessible crossings of the Dunstrem, for which the clan lords charged a modest toll.","","","POINT(4.330594 47.761037)"
"532","65907bd900d495733194dcf01f5f1dde","Aerost","fortress","300","Gondor","","","","POINT(3.626902 41.034679)"
"533","67efb3b67cdd1b2fd62ecb938e847972","Talsir","town","250","","Talsir was one of the free cities of Cardolan on the west bank of the Gwathló, about 170 miles downstream from Tharbad. With a population of roughly 4,300 in T.A. 250, it was an important river stop and one of the few settlements of ancient Minhiriath to survive into the late Third Age.","","","POINT(-0.234818 47.538839)"
"534","681965fb86a89207792118ea20e07ff9","Framsburg","city","340","Northmen","Wraecaburg, though not directly under the Witch-King's rule, suffered frequent attacks and harbored many unsavory characters from outside Rhovanion. Its men occasionally traded with kinsmen at Maethelburg, but relations grew increasingly suspicious over time.","","","POINT(14.009562 54.17404)"
"535","68bdd7527815b3a3996d6fe4a7ffc0d4","Amon Sul","ruins","","","Ruined tower. From this vantage point one had an excellent view of the Great East Road heading toward Rhudaur, making it a strategic focus contested by Arthedain and Cardolan for generations. The Tower of Amon Sûl once housed a Palantír, moved to Fornost after Angmar's invasion in T.A. 1409.","","","POINT(3.521455 51.600639)"
"536","6bbb1c408a02daac53e41d565a15fea4","Caras Galadhon","fortified city","800","Silvan Elves","A fortified and beautiful city at the heart of Lórien, Caras Galadhon was an interconnected network of flets (S. Telain) built upon the great trunks of mallorn trees. Galadriel herself devised its plan, foreseeing the dangers her kingdom would face once Sauron forged the One Ring.","","","POINT(12.542319 49.212858)"
"538","6e182f410f716a021ddf51be662a827d","Endrist","ruins","","","Ruined city.","","","POINT(-3.934113 50.51091)"
"539","7019dd7f9f38eca5ad9f1305d1aec81b","Annulond","city","1200","Gondor","","","","POINT(1.770028 41.004206)"
"540","703e799a1608a3b9ff4ba4d98bf4f5bd","Gamwich","town","120","","Gamwich (W. Galabas, meaning Play Place) was a small village in the Westfarthing of the Shire, notable as the ancestral home of the Gamgee family.","","","POINT(-3.155729 52.02727)"
"542","72157ca5d66a0573a56b3e8a6faabf35","Bar Nevedui","castle","600","Gondor","","","","POINT(-2.29744 39.175898)"
"543","737cd8e5ebf3e66dbf23ade112de8011","Lorilad","village","89","","Lórilad was a fortified village of Lebennin, situated in the Ethir Anduin roughly seventy-five miles downstream from Pelargir, halfway between Pelargir and the western cape of Lebennin.","","","POINT(14.580513 40.790865)"
"544","75990a293755b179f5736ad958400efe","Sindbar","town","540","Gondor","","","","POINT(16.166696 44.061143)"
"545","76dfe74b025986ac0f4ebb77b57d9539","Larad","ruins","","","Ruined city.","","","POINT(-4.625452 55.090882)"
"546","77d37e506c88125d784b139a91d2b8c5","Sackville","town","110","Hobbits","Originally Sairinan (S. Valley of the Wizards), an ancient Eriadoran ruin repopulated by Northmen after T.A. 1412, the settlement became Saccburh before taking on the Hobbit name Sackville. Southfarthing's second-largest town, it sat amid wheat fields, orchards, and terraced vineyards. Sackville wine and pipeweed reached as far as Saerlann and Dale.","","","POINT(-1.551914 50.704271)"
"547","7c9213e731d938b81aea872e8df58c2b","Amon Din","tower","120","Gondor","Amon Din was the easternmost of the seven beacon towers of Gondor. Its fire signal alerted Minas Anor of any attack on the northern borders, initiating the chain of beacons westward across Gondor.","","","POINT(17.414725 43.745926)"
"548","7ca62dfc23b7be2ef8254d8924249fdc","Buzdum Mazar","dwarven mine","490","Dwarves","The greatest mine of Nan-i-Naugrim and the capital of the Broadbeam Dwarves since the Second Age. By the mid-Third Age, Edennogrod — the largely ruined Khazad above Nan-i-Naugrim — dominated the area. At the end of the Third Age it was governed by the feudal lord Grár, who bore the honorary title Mountain King among the Shire-folk.","","","POINT(-7.283618 54.590338)"
"549","7df88f8d7e3218d96af25370a52d4ce1","Minas Brethil","city","3000","","Minas Brethil (S. Silver Birch Tower), capital of Celossien, was situated in the upper Serni valley and served as an agricultural center between the Glinduin and Serni rivers. After the Kin-strife it held some 4,000 inhabitants, a number halved by the Great Plague and only slowly recovered thereafter.","","","POINT(15.13078 42.223616)"
"550","8047934e8120045a7dfdd987a70b4a80","Cithrenor","ruins","12","","Ruined town.","","","POINT(-3.529856 49.026391)"
"551","8092b4e9ff96ef0fca43812a665b6a64","Maegoth","ruins","","","Ruined city.","","","POINT(-1.537858 53.032579)"
"552","83b667b645b766f8d319f13ce83d8ca3","Barad Eldanar","castle","400","Sauron","","","","POINT(5.714704 54.61147)"
"553","847e48fd06a77bc060eecf08013ec386","Enerond","ruins","120","Gondor","Ruined city.","","","POINT(-4.803929 54.812309)"
"554","850a1cb58a471a45f6dc25bffa830125","Haerlond","town","390","Gondor","","","","POINT(-2.935146 38.976766)"
"555","8606fc2022212421702bfc7856e27660","Fanduin","city","500","","Fanduin had a fairly large population of 4,100 in T.A. 250, but its numbers declined through the middle Third Age and the settlement was eventually abandoned before the end of the Third Age.","","","POINT(0.618315 52.568654)"
"556","880eec93a3c2b8ebcf3a15446efc8c72","Pelargir","fortified city","2500","Gondor","Pelargir (S. Garth of Royal Ships) was founded by the Faithful of Númenor in S.A. 2350 and became the chief harbour and oldest city of Gondor, built on the Anduin at the mouth of the Sirith. It served as the base of Gondor's great fleet and was the kingdom's primary port of trade, second city only to Minas Tirith.","","","POINT(16.156195 41.256614)"
"557","8a30ed251c814ab07981a8f8297d81f0","Metraith","town","340","Eriadorians","A town at the junction of the Redway and North Road; after the partition of Arnor the Cardolan king used it as a summer retreat called Thalion. The princes of Dol Tinereb dwelt in a great ruined mansion here. As one of the few viable towns between Bree and Tharbad, Metraith was an important caravan supply center.","","","POINT(1.30749 49.536729)"
"558","8c148f9d1af8d5cf47a5659fc57cb055","Endil","tower","24","","Endil (S. Midpoint) was a coastal lighthouse tower maintained by the Prince of Dor-en-Ernil to alert Lond Ernil of any Corsair landing on the shores of Belfalas. Situated on a solitary islet a mile offshore, it stood at the midpoint between Metrast and Dol Amroth and served as the warden's residence for the coastal defense system.","","","POINT(9.822337 40.148109)"
"559","8db29c09f4bbb933338abeb89a583e7a","Tir Eiliant","manor","30","Gondor","","","","POINT(1.927719 41.294802)"
"560","8ded0d2f712cc9da8128283409069cd1","Archet","town","100","Men, Hobbits","Archet comprised about thirty-five stone houses among rolling cultivated hills. The village was known for an unusual cheese produced by goats feeding on the rare Arinyalasse (Q. Morning-petal) wildflower that grew only in the immediate vicinity. Located three miles from Bree in fertile Bree-land.","","","POINT(1.345125 51.628198)"
"562","8f218bbd2ef709fe97a98279b6093117","Gundabad","dwarven mine","2400","Orcs","Mount Gundabad was a sacred site of the Dwarves and an important enclave in the northern Misty Mountains. It was seized by Orcs multiple times and eventually became the capital of the northern Orc-realm, a constant threat to the free peoples of the north.","","","POINT(11.477501 54.99107)"
"563","8f5a68e82d9b9a94bfb81074f2fb2e3a","Caras Celairnen","city","1500","Dúnedain","Situated on a rocky rise of dry land across the marshy confluence of the Uialduin and Lhûn rivers, Caras Celairnen was an ancient site continuously inhabited since the early Second Age.","","","POINT(-3.759837 52.927546)"
"564","9254774f94d07810d84b2ef9222dec09","Nadior","ruins","","","Ruined city. Nadior was a settlement of Ethir Gwathló in Cardolan, in a small bay on the Minhiriath coast about seventy miles west of the Gwathló mouths. It had a population of roughly 4,900 in T.A. 250, declining through the mid-Third Age until finally abandoned by T.A. 1640.","","","POINT(-2.601318 46.65052)"
"565","92d9b509c5a7e1e5217182f663f52897","Fanuilond","city","750","","The port of Fanuilond in southern Gondor was often the last stop for coastal traders heading south. Near the islands and sandbars of the Mouths of Anduin, it was a damp but lively place popular with sailors for the quality of the local fruit and wine. The Tipsy Triton, a cheerful inn near the docks, served some of the best wines in the region.","","","POINT(13.114289 40.660615)"
"567","9359778ea1b205b6557d2baf08c3ab0a","Tirith Nindir","castle","60","Gondor","An ancient Gondorian fortress built to protect and guard the approaches to the Dagorlad plain.","","","POINT(17.905348 45.591355)"
"568","93b9a677e74f4de70c374ef9b4d1f3d5","Lond Angren","city","2300","Gondor","Lond Angren (S. Iron Port) began as a small Númenórean outpost of the Second Age and grew into a city and lordship controlling western Enedwaith near the mouth of the River Angren.","","","POINT(0.26102 45.144004)"
"569","9419384092d93b36f57a999d75f061bd","Dunlostir","city","880","Rohirrim","Dunlostir was a regional grain-trading center. Twice a year, harvest fairs transformed the normally quiet community into a vibrant and cosmopolitan hub of commerce.","","","POINT(8.671436 46.206903)"
"570","96e3c8c5ca8e87d9f19586a2defc791a","Tir Lawen","city","600","","","","","POINT(-9.050462 51.986118)"
"571","97426ecfc7ddec460434e0391aa40aee","Onodrith","city","1100","Gondor","Onodrith, later known as Entrift or Stowburg, was a staging post for most river traffic to the northern and western provinces of Gondor. Large granaries along the river stored grain reserves for the King of Gondor and Rohan. The ferry handled heavy traffic, though high tolls drove many travelers to seek the Iach Onodlo ford some twenty miles upstream.","","","POINT(11.433006 45.72867)"
"572","97e0564175cce6367da1abe875f4d424","Cor Angaladh","point of interest","0","Silvan Elves","A ritual burial ground, now long disused. Once one of the most sacred sites of the Northmen, this place is now shadowed by the darkness of Mirkwood. Men of the north avoid it, believing it to be cursed.","","","POINT(19.715491 50.24128)"
"573","98297a9393f615d3791c0ba38ac4bd4f","Osgar","manor","40","","","","","POINT(2.03246 42.157703)"
"574","9d8352b354ce40ca566050ea40fbc8c1","Dale","city","1200","Northmen","Dale (Del. Dalur; R. Dala) was a prosperous city of the Northmen, nestled in the sheltered valley below Erebor. Famed for its skilled craftsmen and fine goods, it traded widely via the River Celduin to markets in Rhûn and Gondor. The city rested in the shadow of the Lonely Mountain and served as a base for those wishing to explore the Grey Mountains.","","","POINT(21.273306 53.880945)"
"576","9eb4aada9066b6970cc3fa4b0713f534","Rhosgobel","point of interest","1","","Rhosgobel was the rustic woodland home of Radagast the Brown, set within the great branches of an ancient oak at the southern edge of Mirkwood. It served as a place of healing and herb-lore, a refuge in the shadow of Dol Guldur, and a watch-post for observing the Necromancer's movements. Radagast tended one of the greatest herb-gardens in Middle-earth.","","","POINT(15.953922 50.443346)"
"577","9fa4fdeaf24042021af167466a61eb0e","Lond Galen","city","5000","Gondor","","","","POINT(4.722165 41.290999)"
"578","a309e72a5df0d83e90644ac100da32ae","Esgaroth","city","910","Northmen","Esgaroth (Lake-town) was built upon great wooden platforms over the Long Lake, connected to shore by a single bridge. Its citizens elected a new Master every two years, but the true master of Esgaroth was commerce — most trade routes of the region passed through it. The Northmen of Lake-town were notably cosmopolitan for their isolation.","","","POINT(21.777269 53.02214)"
"579","a5bb5615f0cc150c33a7ad66fcfbbc3f","Porosir","manor","34","Gondor","","","","POINT(15.440753 40.605991)"
"581","a89aa4a2e390d2650f651118a49c1f0c","Tumnogoth Iaur","dwarven mine","112","Dwarves","The Dwarves of Tumnogath were poor and secretive. Many of their young had emigrated to the distant Iron Hills, and the community stagnated over a few generations. The remaining Dwarven population consisted largely of treasure-seekers and travelling tinkers.","","","POINT(-6.372691 49.954729)"
"582","a93d0de04ea8b6508387274bbf869d77","Carrock","point of interest","","Beornings","Carrock was a great rocky islet in the Anduin, between Iach Iaur and Maethelburg, held in deep spiritual reverence by the Beornings who dwelt nearby. The Anduin was shallow here, allowing a ford near the Carrock, though the swift current made the crossing genuinely dangerous.","","","POINT(15.064321 52.083825)"
"583","a96509f98e363e3b03873960397c0cf8","Druabad","village","206","","","","","POINT(5.446174 42.937788)"
"584","a999feb997c5cbac53d53ceb760be098","Osgiliath","city","3000","Gondor","Osgiliath (S. Citadel of Stars) was the ancient capital of Gondor, spanning both banks of the Anduin midway between Minas Anor and Minas Ithil. At its height the city boasted sea-going quays, a great stone bridge lined with houses and towers, and the Dome of Stars which housed the largest of the seven Palantíri. Its decline accelerated after the Kin-strife and the Great Plague.","","","POINT(17.969459 43.351871)"
"585","b07dfd88fff335d40f4a6ff02e121d97","Tuckborough","town","320","","Tuckborough was the ancestral seat of the Took family, located in the Green Hill Country of Westfarthing. The surrounding area included the market center of Whitwell, the woodcraft village of Tuckburrow, and Dolwich, which supplied timber and granite to the southern Farthings.","","","POINT(-1.324173 51.341565)"
"586","b173ca30c3da9f732cc0d30c3dba9b2b","Dol Caranthan","town","320","","","","","POINT(17.402856 44.594583)"
"587","b2d97d738b6c8e1360c928f1f3978a23","Nothva Rhaglaw","city","840","Dunlendings","Nothva Rhaglaw (Du. Regent's Refuge) was the only permanent city of the Mountain-Men west of the Hoarwell, serving as a commercial center and source of local justice. The semi-nomadic movements of the hillmen caused its population to vary widely by season. It was an important waypoint for merchants carrying goods between Cardolan and Angmar.","","","POINT(5.969026 52.908717)"
"588","b45533711c7989e35801d15ea96e34b8","Cameth Brin","fortress","540","Dunlendings","Cameth Brin served as the seat of the hillman king Broggha. The citadel, built into the Twisted Hill with a tower and tunnel system constructed by the Dúnedain of Arnor, was a near-impregnable stronghold. It was one of the few permanent settlements of the semi-migratory hillmen and the main base for raids against Arthedain and Cardolan.","","","POINT(7.46718 52.537733)"
"589","b5e41a73df163d7a3bc0212280694b87","Faemar","town","850","","Faemar was a village set midway along the long, narrow Taur Galen, at a ford crossing the river. The steep valley downstream made farming impossible; villagers subsisted on wild game, berries, herbs, nuts, and wood for charcoal.","","","POINT(-2.750008 54.559393)"
"590","b721357fafe99eb73f5c980838e5ddf1","Ambon Noirinyaron","ruins","","","Ruined mansion.","","","POINT(-2.111696 53.302321)"
"591","b74257edfb64f85fb7085dc04ae70782","Dol Amroth","city","10200","Gondor","Dol Amroth (S. Hill of Amroth) was a rocky promontory on the western coast of Belfalas, named after the Sindarin lord Amroth son of Amdír, who founded Tirith Aear on its cliffs in the mid-Second Age. It encompassed the Númenórean castle of Ost-en-Ernil and the harbour town of Lond Ernil. Dol Amroth guarded one of Gondor's safest harbours and boasted the kingdom's largest fleet outside Pelargir.","","","POINT(9.045753 41.368408)"
"592","b8e5b03dddef89acb43eb6b4c7704af1","Little Delving","town","120","Hobbits","Located in the White Downs, Little Delving had a higher proportion of Smials — the traditional Hobbit hillside dwelling — than many lowland settlements where tunnelling was impractical.","","","POINT(-2.512654 51.660837)"
"593","ba1d1a32cd234ff8a9fa85f54f447d3c","Lond-in-Telerrim","town","546","Noldor","","","","POINT(-6.863374 50.840027)"
"595","bcd8fc2e535e21125dcf84c78e30cfe8","Stock","town","210","Hobbits","The people of Stock maintained a careful relationship with the surrounding Woody End, coppicing trees selectively and gathering apples, acorns, and nuts for baking. The fertile soil of the Baranduin valley produced some of the finest mushrooms in the Shire.","","","POINT(-0.149413 51.43143)"
"596","bf4f93c27a04a22a4cb95b6e9b2da0ce","Bar-en-Dinnen","point of interest","432","Gondor","Bar-en-Dinnen (S. Dwelling on the Dinnen) was a fishing village and river-trading town in southern Ithilien, about sixty miles south of Minas Tirith, at the junction of the Tinnen and Anduin rivers. As the only significant settlement in Harithilien north of Hyarpende, it was an important hub for river commerce between Ithilien and Lebennin.","","","POINT(17.723223 42.143878)"
"597","c02aee9a0462b65512c662491f3b69f8","Mirolos","city","300","Noldor","Mirolos (S. Jewel-Dream; also Londalos) was a Noldor settlement founded by followers of the Sons of Fëanor in the first decade of the Second Age, the largest community in the Hûb Conath region. Founded by Maglor before his disappearance, it was burned during the Long Winter when a northern dragon entered the area.","","","POINT(-9.56661 55.290304)"
"598","c0c86553afc2adf9fb424a578f332bea","Tir Lawen","city","800","Noldor","","","","POINT(-11.063029 52.948017)"
"599","c0da45757ceef624d48f9d947ae16305","Annon Baran","town","300","","Annon Baran was a dangerous open city where Orcs, Beffraen, River-men, Dúnedain, and even Corsairs from distant Umbar rubbed shoulders. For Hobbits looking southwest from the Shire, it represented the edge of the known world.","","","POINT(-4.147863 48.98546)"
"600","c2392ab49a7d6e2b9754ceb14dfb2040","Forondir","ruins","","","Ruined city.","","","POINT(-3.382325 47.966594)"
"601","c2f3aca4298632ac748eaa0343c9c2b9","Anhamar","point of interest","","","","","","POINT(-8.95062 50.767262)"
"603","c4fc66c91d78dea4ab769322dae7aeda","Hobbiton","town","504","Hobbits","Hobbiton was a prominent Hobbit village in the Westfarthing of the Shire, north of the Great East Road. It was home to Bag End on the Hill — the residence of Bilbo Baggins and later Frodo Baggins.","","","POINT(-1.265933 51.58473)"
"604","c56b60ec340561754e3980f516df9cf7","Pinnornost","fortress","540","","","","","POINT(4.501772 43.140756)"
"605","c63a0fa990a9481746f987be890a420a","Vinyathrad","city","800","","","","","POINT(-10.131963 53.290973)"
"606","c66de1535d5084394d382b401eb3ed69","Caborlad","point of interest","","","","","","POINT(8.681894 42.644397)"
"607","c7058608fefce8f43ee84942255feb8b","Glanhir","city","1300","","Glanhir (S. Between the Streams) was a city of Lamedon at the confluence of the Morthond and Ringló rivers, thirty miles from the sea. Its position made it the chief economic gateway to eastern Anfalas, the Blackroot Vale, and the Lamedon valley.","","","POINT(9.614062 42.073163)"
"608","c954bfcce69f4d05de5e64251168df37","Erynwaith","point of interest","","","","","","POINT(-0.389766 45.155728)"
"609","c978f08eddb9e7e5d44df0e1dd8ecf49","Amrelor","ruins","","","Ruined city.","","","POINT(0.584601 47.809059)"
"610","cba3c1d32999386b7650ada2d73f473c","Dol Guldur","point of interest","2100","Orcs","Dol Guldur (S. Hill of Dark Sorcery; Orc. Nazburz; Rh. Naquath Hlain) was the great fortress of Sauron in southern Mirkwood and capital of the Necromancer's realm. Built within a dead volcanic hill, it cast its shadow over the whole of Mirkwood throughout the Third Age.","","","POINT(15.813102 49.377965)"
"612","d051379b25c86cfac253bd6b01cea140","Serelond","city","1300","Gondor","","","","POINT(4.794315 41.460161)"
"613","d23f71bd5455ab5a52471ba0e0682dbf","Dol Gwaer","fortress","400","","","","","POINT(4.947357 42.98755)"
"616","d7b271fbd725a19c00232d158a1e71c4","Lond Thalos","town","700","","Lond Thalos (S. Port of Thalos) served as both a medical and herbal community and as a timber port supplying wood to the shipyards of the Grey Havens.","","","POINT(-7.539279 51.414853)"
"617","d91f5d2806938b5d5e0342181bfff661","Scary","town","130","Hobbits","Located in the rugged country of Eastfarthing, Scary and its nearby quarries supplied most of the tin, copper, and granite used in the Shire. The village name derived literally from the scars left by quarrying and mining.","","","POINT(-0.386569 51.76395)"
"618","db7308c49e9f0be82050b9f695ba8651","Hornburg","fortress","1600","Rohirrim","The Hornburg (R. Súthburg; Gon. Ostiras) was a great fortress of Rohan built into the cleft of Helm's Deep, consisting of a robust tower atop a great rock spur with a thick wall stretching across the mouth of the valley. It was the last refuge of the Westfold in times of war.","","","POINT(7.587706 45.859374)"
"619","e11fba538e02b2f688cb4b67ef534ff3","Hwalord","town","520","Gondor","","","","POINT(-0.466877 44.654769)"
"620","e2bf97d453fbf8464e97036d01bec4d4","Elostirion","tower","52","Dúnedain","Elostirion was the tallest of the three White Towers on the Emyn Beraid (Tower Hills). It housed a Palantír that looked only westward toward the Undying Lands, keeping a constant vigil across the Sundering Sea.","","","POINT(-5.219364 51.638056)"
"621","e32e3dba06c560584d99f5162a2c4258","Shedun","castle","940","Sauron","The broad plains below Shedun served as training ground and muster point for the Witch-King's Orc-hordes. Skirmishes between Orcs and the castle's human garrison were frequent, though the Witch-King's iron discipline kept the forces ready for deployment.","","","POINT(6.787443 54.830155)"
"623","e489b8b32e368a5305d8aa2099c2b4a3","Bar Olchaldor","town","348","","","","","POINT(15.996778 41.930038)"
"624","e5c97706503934aef315312d333b8692","Tharagdonrost","city","800","Gondor","","","","POINT(-0.338978 40.06648)"
"625","e743898b5429b1759f42f3eeedf353a1","Moria","dwarven mine","312","Dwarves","Khazad-dûm (Kh. Dwarven Mansion; S. Hadhodrond; W. Dwarrowdelf), also known as Moria (S. Black Chasm), was the greatest underground realm of the Dwarves, founded in the early First Age beneath the Misty Mountains. Seven great levels stretched across the range beneath Caradhras, Fanuidhol, and Celebdil. In the early Second Age the discovery of mithril drew Dwarves from the Blue Mountains; at its height Khazad-dûm was the mightiest Dwarven kingdom in Middle-earth.","","","POINT(9.173216 49.128243)"
"626","e835ee53e05d2cfc5578bedc86581b87","Eruimar","village","98","","Eruimar (S. Lonely Home) sat at the foot of the Ramluin (S. Blue Wall), below the easternmost point where the Ered Luin foothills gave way to rocky cliffs. Despite its remote setting, distance rather than forest or enchantment created its isolation. The village held no more than thirty-five households; founded by the Dúnedain, most of its roughly 150 residents were River-men or Northmen by the mid-Third Age.","","","POINT(-5.002044 53.408169)"
"627","e901438cd57190a3a650728131f750ba","Halifirien","point of interest","100","Gondor","Halifirien (S. Amon Anwar, Sacred Hill) stood on the border of Anórien and Calenardhon. Sacred since the Second Age as Eilenaer (Dn. Holy Hill) to the Men of the White Mountains, it later became the site of the Tomb of Elendil raised by Isildur. After Steward Cirion swore the Oath of Eorl here, the lands passed to the Eorlingas.","","","POINT(13.655401 44.526185)"
"628","eaf84f527feadbff51bfee980db3f493","Derwath","city","3200","Gondor","Derwath (Eo. Hardscadu) was the largest city of Westmarch, occupying the site of an ancient Daen Coentis settlement. It grew into the chief commercial and agricultural center of the region, with several mills and a busy market. After the Great Plague it struggled to replace lost craftsmen; a park-lined southern quarter contrasted with a poorer northern district housing migrant workers.","","","POINT(6.088231 45.273966)"
"629","ec4f1479d90b8b2a23c1a63546f45010","Ostiras","town","400","","","","","POINT(1.248646 45.852942)"
"630","ed0fd50f861c8ccd1f7b1374b6c56a6f","Annon Wain","city","2500","","Annon Wain, in the upper Lefnui valley, was a local market center. To the north lay extensive mines whose ore was shipped downriver to Annúlond, while nearby firs from the Ered Nimrais supplied Gondor's naval yards. The town itself was modest — merchant houses, simple dwellings, and riverside warehouses — with a population of roughly 2,500.","","","POINT(2.668339 42.90054)"
"631","efc7cfee6d7f026f9b104f1dc82c5aa9","Thoronbar","ruins","","","Ruined village.","","","POINT(-2.408808 53.576487)"
"632","f0d0e1a0ee8699729e955990523bc22c","Cerin Balgrist","ruins","","","Ruined city.","","","POINT(-0.685963 54.322353)"
"633","f2e70b1b048daf0397847538939dace3","Cum Arelaid","ruins","","Gondor","Ruins. An ancient burial complex of pre-Númenórean tumuli and stone-lined graves, sacred to the early peoples of the region.","","","POINT(4.688348 44.257728)"
"634","f535f1f9c5a9cc4092a0e881020a584b","Dunmardo","town","111","","","","","POINT(16.458038 44.238871)"
"635","f653065afba6a3d653b812c1d745ebdb","Min-Rimmon","tower","75","Gondor","","","","POINT(14.972117 44.364623)"
"636","faa489819ad48c1b1b1bb97ec8a4989b","Ethraid Engrin","point of interest","","","The Fords of Isen were the main crossing point for those traversing the Gap of Rohan, with no bridge spanning the powerful river. The Rohirrim patrolled the area as their primary western gateway; Dunlending hillmen often seized the fords and demanded tolls. Three rows of broad flat stones crossed the waters, with graded horse-fords between them.","","","POINT(7.493416 46.358231)"
"637","fb3ba2c5b31fd725ba4a69888a9480a0","Annodrun","ruins","","Gondor","Ruined city.","","","POINT(1.785819 40.782363)"
"638","fd53c3e33a8c151837e9703ed90efc50","Melburg","city","1200","Northmen","Maethelburg (Meeting Fort) controlled virtually all trade through the upper Anduin valley and produced large quantities of tin from the lower Hithaeglir mines. Travelers heading west stocked up before crossing the Misty Mountains; those arriving from the east rested here. Built on an artificial mound behind a massive timber palisade, it harbored an unusually high number of spies due to its proximity to Angmar and the Orc-holds of Gundabad.","","","POINT(14.879038 52.906108)"
"639","fe3eeab238fd22a00d7618e979b0b310","Iach Sarn","town","220","","Iach Sarn clustered about the base of a limestone hill, surrounded by small farms and hardwood groves. On the south bank, just downstream of the main road, lay the ruins of an older village of earth-and-stone construction. Weathered steps led down a rubble embankment to the riverside docks, lined with unpainted ferries and fishing boats.","","","POINT(-0.586982 50.009316)"
"640","ff2232851941e9cd4928cae2dc656891","Bar en Dagorath","fortress","80","","","","","POINT(2.105156 55.136498)"
"641","617c57dbf332c030a42448cd782d3d8e","Carn Dum","city","5000","Sauron","Carn Dûm (S. Red Vale) was the dark capital of Angmar and the seat of the Witch-King. Built in a deep valley of the far north, it was a city of sorcery and terror — the source of every assault upon the kingdoms of Arnor throughout the Third Age.","","","POINT(5.713727520310158 56.040605368313436)"
"642","5324545435545","Estomar","city","324","Noldor","","","","POINT(-9.641471810978715 56.4614552500048)"
"873","3ab49facaebf9e345ec6d5f19bbf9ec3","Town","town","","","","","","POINT(-0.109475780513291 51.337187824592014)"
"874","e220bec837176f26992b9227b929763b","town","town","","","","","","POINT(0.110795383046252 51.445392173867724)"
"875","04404b308b0c0ba0e38168c8f06d61f8","Bankling","town","","","","","","POINT(-0.281059651949529 51.57042208785768)"
"876","74c4e53f9dc0b41d6132b0e2a77a6e4a","Rushy","town","","","","","","POINT(-0.3063138415665 51.24559960169455)"
"877","6722a6f8008da19158b338b996d7a0b3","town","town","","","","","","POINT(-0.212581431541162 51.23679752011409)"
"878","1697f81b4a6a160eb6b4e37e2426b627","town","town","","","","","","POINT(-0.201530827107401 51.15005956562732)"
"879","32ea2e0aab2a33e23db30bdaeb12a515","Flynettle","town","","","","","","POINT(-0.327403633822201 51.14133364945998)"
"880","ca815003114282c6d1ef827e7290eed0","Willowbottom","town","","","","","","POINT(-0.603914243396946 51.06923781163512)"
"881","8b0a4493bc3570a5513f272b64f2c2e1","Pincup","town","","","","","","POINT(-1.116981814409183 51.22908454863549)"
"882","fb522eedf6954d50df7def885825ff50","town","town","","","","","","POINT(-1.514257594710213 51.334302166134286)"
"883","77185889094680adeda59dc21eb80507","Tookbank","town","","","","","","POINT(-1.633772169279555 51.336819792142244)"
"884","4e69a1cf36d96bc53f7961a7d810c56b","Wood Junction","town","","","","","","POINT(-1.548635046923086 51.465401238033515)"
"885","19f117d5ed6b675b98739f74ca455627","Bywater","town","","","","","","POINT(-1.13209469050118 51.5659580479751)"
"886","9213435a508e5cfe25f6c6b08e6be7df","Overhill","town","","","","","","POINT(-1.278787595579377 51.66757438362121)"
"887","35e466cd9074ad63e6e7f30b9429df28","Waterbury","town","","","","","","POINT(-0.268820877556365 51.62395214709121)"
"888","b7a2a75096a03b239627c4b669491d93","town","town","","","","","","POINT(-0.512120491248156 51.3231202577711)"
"889","803405a501ebcddbed53a36a8e309fe9","Longbottom","town","","","","","","POINT(-1.35611683385028 50.776765587848494)"
"890","95683c655e342f4335a593a535bcd1d1","Brocken Borings","town","","","","","","POINT(-0.60625755364758 51.81376537263118)"
"891","fb33441c313c49351ba45a5301d76362","Dwaling Bank","town","","","","","","POINT(-0.165902829267255 51.915630700513084)"
"892","71f9653c2576c447d14067a4a6a28a85","Combe","town","","","","","","POINT(1.40430264139591 51.5959391023737)"
"893","5504d51197c21c2d5e821e14b08d4b31","ruins","ruins","","","","","","POINT(1.358170285176331 51.09140864638483)"
"894","610184fcc584d318892546504212544c","ruins","ruins","","","","","","POINT(1.315079903477513 50.733689290698386)"
"895","b50408182680a76eb4832f27ef1877d2","Nobottle","town","","","","","","POINT(-2.077856391045377 51.71224362521898)"
"896","9e31c6fe9c9c20c566b02246e10260f7","Long Cleeve","town","","","","","","POINT(-2.326247277612521 52.2294150659081)"
"897","3ab393c2bd203c60012ab056ad8910ea","Greenfields","town","","","","","","POINT(-1.461565795128782 52.41560967590633)"
"898","c1a84c222aafb79a26694dc30107d964","town","town","","","","","","POINT(1.369152987636412 52.957857622794236)"
"899","9b66acf442fc2d74768f46f3466dfc40","town","town","","","","","","POINT(1.404851532016717 52.72494897202548)"
"900","012bd7bef04c793a6d7bf64f91ef9cf0","town","town","","","","","","POINT(1.349193122322411 52.255960176185184)"
"901","5a22087c74c3e46e952ee5a92aa99495","ruins","ruins","","","","","","POINT(5.048683001237521 51.559819248497654)"
"902","ffc2353eae403b262a02cf2668e5dab3","ruins","ruins","","","","","","POINT(6.643338425130473 51.63788293276029)"
"903","978c47cba22f7494c41ae841cde3e018","town","town","","","","","","POINT(7.506295563454326 53.24595472167379)"
"904","def8cbc17105c881cf38071da6db818c","ruins","ruins","","","","","","POINT(10.787766882323357 52.84679801592142)"
"905","ab2646b71c7937abee9f0bf58603f844","town","town","","","","","","POINT(6.028935284576269 55.620009748829524)"
"906","9477a68f1fb439cb549b9ca93a0eda5c","town","town","","","","","","POINT(6.646131166678444 54.68454577015133)"
"907","68c233bdd684c07576c31468381b679b","Tying Field","town","","","","","","POINT(-2.751444142252875 51.932871796216546)"
"908","d80b4ed6963d6a2b28aab5542481d91f","town","town","","","","","","POINT(-4.642183553926161 51.60355254875421)"
"909","e3ffcca21bd484b36f941158bb8d2599","Grimsly Dale","town","","","","","","POINT(-1.802421935625882 51.74103996842529)"
"910","c716ce3551bc1a52f05f2a2c09269f02","Rendwalk and The Briary","town","","","","","","POINT(-2.152652789927937 50.89560176854078)"
"911","b729fc7873a8b758a9b69bd24015efdd","Rond Morvin","manor","","","","","","POINT(-3.127986781343948 52.49349526437371)"
"912","1192146bdb469250d126c4369e63bf42","Ron Hyarr","manor","","","","","","POINT(-2.612400525867402 52.55343009105157)"
"913","12e4f67756d02c221aa81ec6a95f26de","Telwaen","town","","","","","","POINT(-2.39537737237395 47.492400213632045)"
"914","0f5f6b239c1a16039e574f92bbfa54f1","Town","town","","","","","","POINT(2.324096862485927 49.28939841701387)"
"915","fea5678c34ab71bb3124a568b585b3b9","Town","town","","","","","","POINT(3.505297853911119 48.67361014645488)"
"916","5b291b2cef6069dc4c504aad58a4f5da","camp","camp","","","","","","POINT(3.889309068791732 55.066626992078554)"
"917","9a50d9792991dda0c9ad1b63202273f9","camp","camp","","","","","","POINT(3.250560054699432 55.315362532985816)"
"918","7dc2fd1ffea6ac5100540f52ecb71cb5","ruins","ruins","","","","","","POINT(4.057661522118384 55.30127142846688)"
"919","486d1e28ca3bd22472e3150eef976a63","camp","camp","","","","","","POINT(2.150079679645064 55.45880602341437)"
"920","0c3c35556a139a8100d016749666af31","camp","camp","","","","","","POINT(1.045885647532019 55.49949402634118)"
"921","0da84ad9e080b70f9f792b363ecacc13","camp","camp","","","","","","POINT(-0.007555071445785 55.35760581470521)"
"922","682bfc629699e88e69e77f40ed0ce2ba","tower","tower","","","","","","POINT(-1.47011700972108 54.17072869316659)"
"923","15d8016ec7772ec93b3eb82e91b63f8a","tower","tower","","","","","","POINT(-1.960319741466333 54.45524626139686)"
"924","8c8c2da1de510cca66081cb7f51b0eb0","tower","tower","","","","","","POINT(-0.910592679547205 54.384661674173415)"
"951","331a36ec2bca4c5af55e27901fcb6daf","Lildamar","town","","","","","","POINT(-10.139348391506788 49.42880451498685)"
"982","fd62c32dffbe97698c2644d8b99c4eec","Rendul","town","","","","","","POINT(8.57815180508654 43.5070406552782)"
"986","86d8bd6a3ec02fece580039b076d3378","Rul","town","","","","","","POINT(22.71094111482394 42.04051328181626)"
"987","889f39cad0b3969fe9cb4810e6fb103f","Estomar","town","","","","","","POINT(-12.043793815810359 54.45190209721756)"