"region_id","region_name","kingdom","forest","hill","marshes","mountains_low","mountains_med","mountains_high","road","trail","plains"
"1","Eothraim","Eothraim","Scattered groves and gallery-woods of oak and willow along the streams of the wide southern grasslands, islands of shade among the horse-pastures of the Eothraim. Open, sunlit, and loud with wind over grass.","","","","","","A grass-worn horse-track across the open plains, faint but sure to those who ride it, following the streams and the herds rather than any surveyor's line.","A rider's thread across the grass, barely there, that follows the graze of the herds and the line of the streams.","Broad northern grasslands stretching flat to the sky, rich pasture in summer and mire in the spring thaw, loud always with wind over grass."
"2","Gramuz","Gramuz","Sparse, hardy woods of pine and birch in a rugged northern wilderland, wind-bitten and thinly grown over stony ground. A frontier forest, cold and little-trodden.","","","","","","A rough track between scattered northern steads, mud in the thaw and dust in the summer, kept open only by the passing of the folk who need it.","A muddy footpath between northern crofts, faint and rough, marked by a leaning post or a cairn where it forks.","Open rough plains of coarse grass and reed between the streams, half-wild and thinly grazed under a wide grey sky."
"3","Mirkwood Wilds","Mirkwood Wilds","Oaks and beeches grow close and choking, their boughs hung with grey curtains of cobweb; the air is thick, windless and sour, the streams black and the paths dissolving. A forest turning poisonous under the watchful dread of Dol Guldur.","","","","","","A plain country track, unpaved and much like the land around it, kept open only by those who have reason to pass.","A faint path through the open country, easily followed in the clear and easily lost in the rough.",""
"4","Woodland Realm","Woodland Realm","Tall, sound forest of ancient oak and beech beneath the Wood-elves' rule, the canopy high and green-gold where sunlight reaches the moss. Game-trails wind clear and old, thrushes sing, streams run bright; the healthy northern reach of the great wood.","","","","","","A hidden forest-path known to the Wood-elves, soft with leaf-mould and easily missed, winding between the great trunks toward the Elven-king's halls.","An Elf-path so lightly trodden it is almost invisible, a faint pressing of the moss between the trunks that only keen eyes can follow.",""
"5","Parth Celebrant","Wilderness of Arnor","Cold pine and spruce on the mountain skirts, dark and resinous, the needled floor muffling every step. Mist pools between the trunks; old boundary-stones and broken walls of lost Arnor surface among the roots.","Stony upland shoulders rising toward the High Pass, grass and lichen over grey rock, strewn with the rubble of old watch-towers and the boundary-marks of a lost realm.","","The lower folds of the Misty Mountains, pine-darkened and boulder-strewn, goat-paths winding among the roots of the range. Cold torrents cut the slopes and old orc-trails lace the gullies; rough and watchful going.","The middle reaches of the Hithaeglir, bare grey stone and loose scree above the last twisted pines. Mist clings to the crags, snow lingers in the shadows, and the passes are treacherous with rockfall and denning things.","The high peaks of the Misty Mountains, savage and storm-wracked: black fangs of rock and blue glacier ice swept by killing winds and sudden blizzards. Here the mountains themselves seem to wish the traveller dead.","A faint remnant of a Dunadan road climbing toward the High Pass, its stones scattered and grass-grown, more memory of a road than a road itself.","A faint upland trace among the pines, marked by cairns half-fallen, that fades into scree near the high places.",""
"6","Dor Rhunen","Gondor","Cultivated, Mediterranean woodland: groves of holm-oak, chestnut and cypress give way to olive and almond on the warmer slopes, with orchards and flowering vales. The undergrowth is aromatic with broom, thyme and rockrose; tended, sunlit, prosperous woods.","Fertile foothills of the White Mountains, terraced with vine and olive and laced with clear streams. Warm and sunlit, the green skirts where mountain meets tilled land.","","","","","A well-kept Gondorian road of fitted stone, straight and sure, with drainage and standing waymarks; the traffic of trade and soldiery keeps it busy and its verges clear.","A trodden countryside path between orchards and terraces, sun-warm and clear, worn smooth by shepherds and farmhands.","Dry southern steppe of bleached grass and thornscrub, shimmering with heat, rolling flat and vast toward the unknown east."
"7","Anorien","Gondor","Cultivated, Mediterranean woodland: groves of holm-oak, chestnut and cypress give way to olive and almond on the warmer slopes, with orchards and flowering vales. The undergrowth is aromatic with broom, thyme and rockrose; tended, sunlit, prosperous woods.","Fertile foothills of the White Mountains, terraced with vine and olive and laced with clear streams. Warm and sunlit, the green skirts where mountain meets tilled land.","","The green foothills of the White Mountains, terraced with olive and vine where they meet the lowlands, laced with shepherd-paths and tumbling brooks. Warm, fertile and sunlit, the gentlest face of the great range.","The middle slopes of the Ered Nimrais, where forest yields to alpine meadow and grey crag. Cloud snags on the ridges, streams fall in white threads, and the air thins and chills as the green runs out into stone.","The high White Mountains, the Ered Nimrais, crowned with perpetual snow and glacier above the treeline. Knife-edged ridges and sheer pale walls blaze in the sun; the cold is absolute, the silence broken only by wind and distant ice.","A well-kept Gondorian road of fitted stone, straight and sure, with drainage and standing waymarks; the traffic of trade and soldiery keeps it busy and its verges clear.","A trodden countryside path between orchards and terraces, sun-warm and clear, worn smooth by shepherds and farmhands.","The green grain-plains of Gondor's heartland, tilled and hedged, wide fields rolling gently beneath the White Mountains' distant wall."
"8","Dagorlad","Dagorlad","No forest grows on the battle-plain, only wind-scoured scrub and the bleached bones of trees long dead, scattered across the grey waste before the Black Gate.","","The edge of the Dead Marshes bleeding onto the battle-plain: stagnant meres and peat-hags veiled in cold vapour, where pale faces float beneath black water and phantom lights lure travellers astray.","","","","No true road crosses the battle-plain, only the churned track of armies past and present, a scar of trampled ash between the marshes and the Black Gate.","A faint scar across the waste where feet have passed, wandering between peat-hags and bleached bones, easily lost in the grey sameness.","A dead flat waste of trampled earth and windblown ash, littered with the debris of old battle, stretching grey and featureless to the Black Gate."
"9","Druadan Forest","Druadan Forest","Dense, ancient oak and tangled thorn-brake on the mountain skirts, secretive and pathless. Hidden ways known only to the Druedain thread the gloom, marked by squatting Pukel-stones; to a stranger the wood closes in, oppressive and watchful.","","","","","","No made road; only the secret ways of the Woses through the thickets, unmarked to any outsider and closing behind those who do not belong.","A Wose-path through hidden hollows, unmarked to the stranger, that the Druedain read from signs no outsider can see.",""
"10","Esgaroth","Esgaroth","Northern eaves of the great Greenwood, oak and beech opening toward the Long Lake, the air cool and clean. Birch and alder line the lake-streams; a sound, living wood far from the southern sickness.","","","","","","A plank-and-piling causeway over the lake-shallows leading to the wharves of Lake-town, loud with the traffic of boats and traders.","A muddy lakeshore path among the reeds and jetties, planked in the wettest stretches, loud with frogs at dusk.",""
"11","Lebennin","Gondor","Cultivated, Mediterranean woodland: groves of holm-oak, chestnut and cypress give way to olive and almond on the warmer slopes, with orchards and flowering vales. The undergrowth is aromatic with broom, thyme and rockrose; tended, sunlit, prosperous woods.","Fertile foothills of the White Mountains, terraced with vine and olive and laced with clear streams. Warm and sunlit, the green skirts where mountain meets tilled land.","","The green foothills of the White Mountains, terraced with olive and vine where they meet the lowlands, laced with shepherd-paths and tumbling brooks. Warm, fertile and sunlit, the gentlest face of the great range.","The middle slopes of the Ered Nimrais, where forest yields to alpine meadow and grey crag. Cloud snags on the ridges, streams fall in white threads, and the air thins and chills as the green runs out into stone.","The high White Mountains, the Ered Nimrais, crowned with perpetual snow and glacier above the treeline. Knife-edged ridges and sheer pale walls blaze in the sun; the cold is absolute, the silence broken only by wind and distant ice.","A well-kept Gondorian road of fitted stone, straight and sure, with drainage and standing waymarks; the traffic of trade and soldiery keeps it busy and its verges clear.","A trodden countryside path between orchards and terraces, sun-warm and clear, worn smooth by shepherds and farmhands.","The rich level fields of Gondor's most peopled land, watered by many rivers, quilted with farms and pasture between the coast and the hills."
"12","Harondor","Gondor","Sun-scorched scrubland rather than true forest: thorn, tamarisk and stunted wind-bitten oak scattered over an arid contested plateau, their roots gripping cracked red earth. Sparse, dusty shade in a debated borderland baked between Gondor and the South.","Fertile foothills of the White Mountains, terraced with vine and olive and laced with clear streams. Warm and sunlit, the green skirts where mountain meets tilled land.","","","","","A well-kept Gondorian road of fitted stone, straight and sure, with drainage and standing waymarks; the traffic of trade and soldiery keeps it busy and its verges clear.","A trodden countryside path between orchards and terraces, sun-warm and clear, worn smooth by shepherds and farmhands.","Sun-baked open country of dune-field, dry scrub and salt-flat, shimmering and stark, rolling toward the deserts of the south."
"13","Anfalas","Gondor","Sparse, wind-scoured woods on a rocky, desolate coast: stunted oak and pine bent by the sea-gales, clinging to the spurs of the White Mountains above fishing villages and gold-miners' tracks. Few trees of size survive here; the land is harsh, salt-bitten and poor, far from Gondor's prosperous heartland.","Fertile foothills of the White Mountains, terraced with vine and olive and laced with clear streams. Warm and sunlit, the green skirts where mountain meets tilled land.","","The green foothills of the White Mountains, terraced with olive and vine where they meet the lowlands, laced with shepherd-paths and tumbling brooks. Warm, fertile and sunlit, the gentlest face of the great range.","The middle slopes of the Ered Nimrais, where forest yields to alpine meadow and grey crag. Cloud snags on the ridges, streams fall in white threads, and the air thins and chills as the green runs out into stone.","The high White Mountains, the Ered Nimrais, crowned with perpetual snow and glacier above the treeline. Knife-edged ridges and sheer pale walls blaze in the sun; the cold is absolute, the silence broken only by wind and distant ice.","A well-kept Gondorian road of fitted stone, straight and sure, with drainage and standing waymarks; the traffic of trade and soldiery keeps it busy and its verges clear.","A trodden countryside path between orchards and terraces, sun-warm and clear, worn smooth by shepherds and farmhands.",""
"14","Westmarch","Gondor","Cultivated, Mediterranean woodland: groves of holm-oak, chestnut and cypress give way to olive and almond on the warmer slopes, with orchards and flowering vales. The undergrowth is aromatic with broom, thyme and rockrose; tended, sunlit, prosperous woods.","Fertile foothills of the White Mountains, terraced with vine and olive and laced with clear streams. Warm and sunlit, the green skirts where mountain meets tilled land.","","The green foothills of the White Mountains, terraced with olive and vine where they meet the lowlands, laced with shepherd-paths and tumbling brooks. Warm, fertile and sunlit, the gentlest face of the great range.","The middle slopes of the Ered Nimrais, where forest yields to alpine meadow and grey crag. Cloud snags on the ridges, streams fall in white threads, and the air thins and chills as the green runs out into stone.","The high White Mountains, the Ered Nimrais, crowned with perpetual snow and glacier above the treeline. Knife-edged ridges and sheer pale walls blaze in the sun; the cold is absolute, the silence broken only by wind and distant ice.","A well-kept Gondorian road of fitted stone, straight and sure, with drainage and standing waymarks; the traffic of trade and soldiery keeps it busy and its verges clear.","A trodden countryside path between orchards and terraces, sun-warm and clear, worn smooth by shepherds and farmhands.",""
"15","South Arthedain","Arthedain","Cool northern woods of birch, rowan and Scots pine over stony, heather-fringed soil, with stands of old oak in the sheltered hollows. Clean-aired and quiet, the groves of a fading Dunedain land where ruined walls surface among the roots.","Rolling green-grey downs of cropped turf and gorse, strewn with standing stones and grass-grown barrows, mist clinging low at dawn. The bones of old Arnor, walls, cairns, weather-worn towers, surface across the lonely heights.","The Midgewater Marshes: low sodden ground of shallow pools, reeds and clinging mud, plagued by clouds of midges and a ceaseless nightly croaking. Wet, wearying misery rather than true peril.","","","","An old Dunadan road, its worn paving-stones still true beneath the turf, running between friendly farms and waystones; a safe and travelled way where a cart or a rider is no rare sight.","A pleasant footpath winding over green downs, firm and dry underfoot, dipping between hedgerows where blackberries grow and a farm chimney is never far off.",""
"16","Minhiriath","Cardolan","A mixed land more than a wood: fertile lowland plains and pasture broken by ragged copses of oak and birch, the thinned remnant of older forest. Harsh winds scour the uplands while the river-vales lie green and tilled, dotted with the heath and bracken reclaiming abandoned ground.","Low chalk-and-turf downs rolling to the horizon, dotted with ancient barrows and crowned here and there by weathered stone. Open, windswept, and brooding over the old graves.","","","","","A weathered stretch of the Great North Road, once proud and now patched and rutted, its milestones toppled; still used by merchant caravans that move in numbers, wary of the empty leagues between towns.","A faint field-path through heath and old pasture, easy to lose where the bracken has swallowed it, threading between grass-grown barrows.","Wide degraded lowlands of heath and rough pasture, the felled and half-empty plain where great forest once stood, rolling flat toward the sea."
"17","Rast Vorn","Rast Vorn","Dark, storm-twisted oakwood clinging to a wind-scoured coastal cape, dense and salt-bitten, sheltering an ancient folk apart from the world. A brooding, silent wood under sea-grey skies.","","","","","","No road worth the name; only a treacherous trace through the dark wood and its poisoned mires, known to the Woses and shunned by all others.","A perilous thread through the twisted wood, marked by Wose-signs a stranger cannot read, skirting the mires where worse things wait.",""
"18","Harithilien","Gondor","The fairest woodland left to Gondor, lush in defiance of the dark across the river: holm-oak, bay, tamarisk and terebinth, with thickets of fragrant herbs, thyme, marjoram, sage, and clear streams falling into pools. Yet a haze drifts from the Ephel Duath and ash sometimes greys the leaves, all this beauty edged with foreboding.","Fertile foothills of the White Mountains, terraced with vine and olive and laced with clear streams. Warm and sunlit, the green skirts where mountain meets tilled land.","","","","","A well-kept Gondorian road of fitted stone, straight and sure, with drainage and standing waymarks; the traffic of trade and soldiery keeps it busy and its verges clear.","A trodden countryside path between orchards and terraces, sun-warm and clear, worn smooth by shepherds and farmhands.",""
"19","Lamedon","Gondor","Half-tilled, half-wild country on the southern skirts of the White Mountains: groves of oak and chestnut among vine-terraces give way quickly to rough uplands and mine-scarred slopes where iron, zinc and lead are dug. Much of the land remains untamed hill and thicket, greener than Anfalas but far from Gondor's tended heartland.","Fertile foothills of the White Mountains, terraced with vine and olive and laced with clear streams. Warm and sunlit, the green skirts where mountain meets tilled land.","","The green foothills of the White Mountains, terraced with olive and vine where they meet the lowlands, laced with shepherd-paths and tumbling brooks. Warm, fertile and sunlit, the gentlest face of the great range.","The middle slopes of the Ered Nimrais, where forest yields to alpine meadow and grey crag. Cloud snags on the ridges, streams fall in white threads, and the air thins and chills as the green runs out into stone.","The high White Mountains, the Ered Nimrais, crowned with perpetual snow and glacier above the treeline. Knife-edged ridges and sheer pale walls blaze in the sun; the cold is absolute, the silence broken only by wind and distant ice.","A well-kept Gondorian road of fitted stone, straight and sure, with drainage and standing waymarks; the traffic of trade and soldiery keeps it busy and its verges clear.","A trodden countryside path between orchards and terraces, sun-warm and clear, worn smooth by shepherds and farmhands.",""
"20","Dor-en-Emyl","Gondor","Cultivated, Mediterranean woodland: groves of holm-oak, chestnut and cypress give way to olive and almond on the warmer slopes, with orchards and flowering vales. The undergrowth is aromatic with broom, thyme and rockrose; tended, sunlit, prosperous woods.","Fertile foothills of the White Mountains, terraced with vine and olive and laced with clear streams. Warm and sunlit, the green skirts where mountain meets tilled land.","","The green foothills of the White Mountains, terraced with olive and vine where they meet the lowlands, laced with shepherd-paths and tumbling brooks. Warm, fertile and sunlit, the gentlest face of the great range.","The middle slopes of the Ered Nimrais, where forest yields to alpine meadow and grey crag. Cloud snags on the ridges, streams fall in white threads, and the air thins and chills as the green runs out into stone.","The high White Mountains, the Ered Nimrais, crowned with perpetual snow and glacier above the treeline. Knife-edged ridges and sheer pale walls blaze in the sun; the cold is absolute, the silence broken only by wind and distant ice.","A well-kept Gondorian road of fitted stone, straight and sure, with drainage and standing waymarks; the traffic of trade and soldiery keeps it busy and its verges clear.","A trodden countryside path between orchards and terraces, sun-warm and clear, worn smooth by shepherds and farmhands.",""
"21","Enedhwaith","Enedhwaith","Sparse degraded woods of oak and thorn on a windswept plateau, the felled and grazed-over remnant of older forest. Heath and bracken reclaim the gaps; bleak and half-empty.","","","","","","A lonely stretch of old road across the windswept plateau, its paving long since scattered, running empty between distant and half-ruined steads.","A lonely path across the empty plateau, faint in the wind-flattened grass, marked by the odd standing stone worn faceless.","A bleak windswept plateau of wind-flattened grass and empty distance, half-wild and all but unpeopled beneath a wide sky."
"22","Tol Fuin","Forlindon","Cold Elvish woods of the far north-west: wind-bent oak, downy birch and dark pine on stony slopes that fall toward the sea, the canopy sculpted low by salt gales. Deep fern and moss below, the light falling grey and silver in groves grown ancient and still.","","","","","","A quiet coastal track of grey stone laid by the Elves long ago, little used now, running between scattered havens above the sea-cliffs.","A faint cliff-path above the sea, salt-grass to either side, dipping to hidden coves and easily missed in the mist.",""
"23","Tolfalas","Gondor","Cultivated, Mediterranean woodland: groves of holm-oak, chestnut and cypress give way to olive and almond on the warmer slopes, with orchards and flowering vales. The undergrowth is aromatic with broom, thyme and rockrose; tended, sunlit, prosperous woods.","Fertile foothills of the White Mountains, terraced with vine and olive and laced with clear streams. Warm and sunlit, the green skirts where mountain meets tilled land.","","The green foothills of the White Mountains, terraced with olive and vine where they meet the lowlands, laced with shepherd-paths and tumbling brooks. Warm, fertile and sunlit, the gentlest face of the great range.","The middle slopes of the Ered Nimrais, where forest yields to alpine meadow and grey crag. Cloud snags on the ridges, streams fall in white threads, and the air thins and chills as the green runs out into stone.","The high White Mountains, the Ered Nimrais, crowned with perpetual snow and glacier above the treeline. Knife-edged ridges and sheer pale walls blaze in the sun; the cold is absolute, the silence broken only by wind and distant ice.","A well-kept Gondorian road of fitted stone, straight and sure, with drainage and standing waymarks; the traffic of trade and soldiery keeps it busy and its verges clear.","A trodden countryside path between orchards and terraces, sun-warm and clear, worn smooth by shepherds and farmhands.",""
"24","Iron Hills","Iron Hills","Stunted pine and birch clinging to dark, ore-streaked slopes, sparse and hardy. The wood gives out fast into rugged dwarf-mined stone; the air smells of iron and cold.","Low rugged ridges of dark ore-bearing stone, scarred with dwarf-mines and old roads, hard and treeless and smelling of iron.","","The lower slopes of the Iron Hills, dark with ore-bearing rock and dwarf-delvings, ridged and rugged but not lofty, the wind smelling of iron and cold stone.","","","A hard dwarf-road of dressed stone, straight and enduring, cut for ore-wagons between the delvings, ringing under iron-shod wheels.","A stony miner's path between the delvings, blazed with chisel-marks on the rock, hard and sure though never gentle.",""
"25","Dale","Dale","Sparse cold woodland of birch, pine and rowan in the rocky vales beneath the Lonely Mountain, hardy and wind-bitten, opening quickly into the fertile fields and upland pasture that feed Dale and Esgaroth under a northern sky.","","","","","","A busy trade-road of packed gravel between Dale and the Long Lake, rattling with merchant carts bound for the markets under the Mountain.","A field-path between the farms below the Mountain, packed and clear, running from stead to stead across the fertile vale.",""
"26","Ronalindon","Harlindon","Quiet green coastal woods of oak, hazel, holly and alder along the southern Gulf of Lhun, mild and sheltered. Ferny, mossy understory, dappled sea-light, and the lingering peace of an Elvish land at the world's western edge.","","","","","","A mild green road along the southern shore, Elf-laid and enduring, running between serene estates where few travellers ever pass.","A gentle wooded path along the shore, mild and green, wandering between quiet Elven dwellings half-hidden in the trees.",""
"27","Ered Luin","Harlindon","Quiet green coastal woods of oak, hazel, holly and alder along the southern Gulf of Lhun, mild and sheltered. Ferny, mossy understory, dappled sea-light, and the lingering peace of an Elvish land at the world's western edge.","","","The lower skirts of the Blue Mountains: rounded heather-clad shoulders of grey stone rising from the pinewoods, cut by cold streams and silent old dwarf-roads. Steep but never deadly, the air sharp with resin and sea-wind.","The middle heights of the Blue Mountains, bare rock breaking through the heath, wind singing in the gullies. Old delvings and the rubble of vanished dwarf-mansions scar the scree-slopes, and the cold bites even in summer.","","A mild green road along the southern shore, Elf-laid and enduring, running between serene estates where few travellers ever pass.","A gentle wooded path along the shore, mild and green, wandering between quiet Elven dwellings half-hidden in the trees.",""
"28","Ardolyalinya","Harlindon","Quiet green coastal woods of oak, hazel, holly and alder along the southern Gulf of Lhun, mild and sheltered. Ferny, mossy understory, dappled sea-light, and the lingering peace of an Elvish land at the world's western edge.","","","","","","A mild green road along the southern shore, Elf-laid and enduring, running between serene estates where few travellers ever pass.","A gentle wooded path along the shore, mild and green, wandering between quiet Elven dwellings half-hidden in the trees.",""
"29","Belegaer sea","Belegaer Sea","","","","","","","No road but the grey sea-lanes themselves, followed by sail and star, where the only waymarks are wind, current and the distant loom of the coast.","No trail but the tide-line itself, a wandering seam of wrack and shell along the shore, rewritten by every tide.",""
"30","Lairiardhon","Harlindon","Quiet green coastal woods of oak, hazel, holly and alder along the southern Gulf of Lhun, mild and sheltered. Ferny, mossy understory, dappled sea-light, and the lingering peace of an Elvish land at the world's western edge.","","","","","","A mild green road along the southern shore, Elf-laid and enduring, running between serene estates where few travellers ever pass.","A gentle wooded path along the shore, mild and green, wandering between quiet Elven dwellings half-hidden in the trees.",""
"31","Lildardhon","Harlindon","Quiet green coastal woods of oak, hazel, holly and alder along the southern Gulf of Lhun, mild and sheltered. Ferny, mossy understory, dappled sea-light, and the lingering peace of an Elvish land at the world's western edge.","","","","","","A mild green road along the southern shore, Elf-laid and enduring, running between serene estates where few travellers ever pass.","A gentle wooded path along the shore, mild and green, wandering between quiet Elven dwellings half-hidden in the trees.",""
"32","South Harlindon","Harlindon","Quiet green coastal woods of oak, hazel, holly and alder along the southern Gulf of Lhun, mild and sheltered. Ferny, mossy understory, dappled sea-light, and the lingering peace of an Elvish land at the world's western edge.","","","","","","A mild green road along the southern shore, Elf-laid and enduring, running between serene estates where few travellers ever pass.","A gentle wooded path along the shore, mild and green, wandering between quiet Elven dwellings half-hidden in the trees.",""
"33","Ardquetto","Harlindon","Quiet green coastal woods of oak, hazel, holly and alder along the southern Gulf of Lhun, mild and sheltered. Ferny, mossy understory, dappled sea-light, and the lingering peace of an Elvish land at the world's western edge.","","","","","","A mild green road along the southern shore, Elf-laid and enduring, running between serene estates where few travellers ever pass.","A gentle wooded path along the shore, mild and green, wandering between quiet Elven dwellings half-hidden in the trees.",""
"34","Ered Luin Vales","Harlindon","Quiet green coastal woods of oak, hazel, holly and alder along the southern Gulf of Lhun, mild and sheltered. Ferny, mossy understory, dappled sea-light, and the lingering peace of an Elvish land at the world's western edge.","","","The lower skirts of the Blue Mountains: rounded heather-clad shoulders of grey stone rising from the pinewoods, cut by cold streams and silent old dwarf-roads. Steep but never deadly, the air sharp with resin and sea-wind.","The middle heights of the Blue Mountains, bare rock breaking through the heath, wind singing in the gullies. Old delvings and the rubble of vanished dwarf-mansions scar the scree-slopes, and the cold bites even in summer.","","A mild green road along the southern shore, Elf-laid and enduring, running between serene estates where few travellers ever pass.","A gentle wooded path along the shore, mild and green, wandering between quiet Elven dwellings half-hidden in the trees.",""
"35","Central Anduin","Anduin Vales","Riverine forest of willow, alder and poplar crowding the banks, giving way upslope to birch and oak in grassy glades where deer and wild horses graze. Reeds edge the water; the wood darkens and tangles the higher it climbs toward the mountains.","","Reed-choked backwaters and water-meadows along the Anduin, the river spreading slow and silver among willows and sedge. Herons stalk the shallows; mist rises at dusk and the ground turns soft and treacherous.","","","","A rough wagon-track linking the scattered steads, hard-packed earth rutted by cartwheels, fording the streams where no bridge stands; honest and much-used but never grand.","A woodsman's path along the riverbank, soft with leaf and mud, marked by a notch cut in a trunk here and there where it forks.","Flat green water-meadows and pasture along the great river, rich and soft, spreading between the reeds and the rising ground."
"36","Ronen-in-Anduin","Anduin Vales","Riverine forest of willow, alder and poplar crowding the banks, giving way upslope to birch and oak in grassy glades where deer and wild horses graze. Reeds edge the water; the wood darkens and tangles the higher it climbs toward the mountains.","","Reed-choked backwaters and water-meadows along the Anduin, the river spreading slow and silver among willows and sedge. Herons stalk the shallows; mist rises at dusk and the ground turns soft and treacherous.","","","","A rough wagon-track linking the scattered steads, hard-packed earth rutted by cartwheels, fording the streams where no bridge stands; honest and much-used but never grand.","A woodsman's path along the riverbank, soft with leaf and mud, marked by a notch cut in a trunk here and there where it forks.",""
"37","Woodmen","Woodmen","Dense oak, beech and thorn under the eaves of the great wood, home of the Woodmen, growing closer and darker the farther south it runs. Game-trails wind through dim green light, but a watchful unease deepens toward the shadow in the south.","","","","","","A plain country track, unpaved and much like the land around it, kept open only by those who have reason to pass.","A faint path through the open country, easily followed in the clear and easily lost in the rough.",""
"38","Nan Anduin","Anduin Vales","Riverine forest of willow, alder and poplar crowding the banks, giving way upslope to birch and oak in grassy glades where deer and wild horses graze. Reeds edge the water; the wood darkens and tangles the higher it climbs toward the mountains.","","Reed-choked backwaters and water-meadows along the Anduin, the river spreading slow and silver among willows and sedge. Herons stalk the shallows; mist rises at dusk and the ground turns soft and treacherous.","","","","A rough wagon-track linking the scattered steads, hard-packed earth rutted by cartwheels, fording the streams where no bridge stands; honest and much-used but never grand.","A woodsman's path along the riverbank, soft with leaf and mud, marked by a notch cut in a trunk here and there where it forks.",""
"39","Central Misty Mountains","Misty Mountains","","","","The lower folds of the Misty Mountains, pine-darkened and boulder-strewn, goat-paths winding among the roots of the range. Cold torrents cut the slopes and old orc-trails lace the gullies; rough and watchful going.","The middle reaches of the Hithaeglir, bare grey stone and loose scree above the last twisted pines. Mist clings to the crags, snow lingers in the shadows, and the passes are treacherous with rockfall and denning things.","The high peaks of the Misty Mountains, savage and storm-wracked: black fangs of rock and blue glacier ice swept by killing winds and sudden blizzards. Here the mountains themselves seem to wish the traveller dead.","A plain country track, unpaved and much like the land around it, kept open only by those who have reason to pass.","A faint path through the open country, easily followed in the clear and easily lost in the rough.",""
"40","Tower Hills","Harlindon","Quiet green coastal woods of oak, hazel, holly and alder along the southern Gulf of Lhun, mild and sheltered. Ferny, mossy understory, dappled sea-light, and the lingering peace of an Elvish land at the world's western edge.","","","","","","A mild green road along the southern shore, Elf-laid and enduring, running between serene estates where few travellers ever pass.","A gentle wooded path along the shore, mild and green, wandering between quiet Elven dwellings half-hidden in the trees.",""
"41","West Rhudaur","Rhudaur","Grim, broken upland woods of stunted oak, pine and thorn strewn with mossy boulders, cold and ill-tended. In the Trollshaws and Ettenmoors the trees shelter trolls and worse among the tumbled grey stones.","Bleak boulder-strewn moor-hills of grey rock and coarse grass, cold and trackless, where trolls den among the tumbled stones and the wind moans across empty heights.","","","","","A broken remnant of an old Dunadan road, its stones heaved apart by frost and root, half-reclaimed by heather; a grim and little-mended way where travellers are watched from the hills.","Barely a trail at all, a lost thread through the black-pine hollows, marked only by old blazes cut in the bark and half healed over by time.",""
"42","En Egladil","Rhudaur","Grim, broken upland woods of stunted oak, pine and thorn strewn with mossy boulders, cold and ill-tended. In the Trollshaws and Ettenmoors the trees shelter trolls and worse among the tumbled grey stones.","Bleak boulder-strewn moor-hills of grey rock and coarse grass, cold and trackless, where trolls den among the tumbled stones and the wind moans across empty heights.","","","","","A broken remnant of an old Dunadan road, its stones heaved apart by frost and root, half-reclaimed by heather; a grim and little-mended way where travellers are watched from the hills.","Barely a trail at all, a lost thread through the black-pine hollows, marked only by old blazes cut in the bark and half healed over by time.",""
"43","Trollshaws","Rhudaur","Grim, broken upland woods of stunted oak, pine and thorn strewn with mossy boulders, cold and ill-tended. In the Trollshaws and Ettenmoors the trees shelter trolls and worse among the tumbled grey stones.","Bleak boulder-strewn moor-hills of grey rock and coarse grass, cold and trackless, where trolls den among the tumbled stones and the wind moans across empty heights.","","","","","A broken remnant of an old Dunadan road, its stones heaved apart by frost and root, half-reclaimed by heather; a grim and little-mended way where travellers are watched from the hills.","Barely a trail at all, a lost thread through the black-pine hollows, marked only by old blazes cut in the bark and half healed over by time.",""
"44","Ettenmoors","Rhudaur","Grim, broken upland woods of stunted oak, pine and thorn strewn with mossy boulders, cold and ill-tended. In the Trollshaws and Ettenmoors the trees shelter trolls and worse among the tumbled grey stones.","Bleak boulder-strewn moor-hills of grey rock and coarse grass, cold and trackless, where trolls den among the tumbled stones and the wind moans across empty heights.","","","","","A broken remnant of an old Dunadan road, its stones heaved apart by frost and root, half-reclaimed by heather; a grim and little-mended way where travellers are watched from the hills.","Barely a trail at all, a lost thread through the black-pine hollows, marked only by old blazes cut in the bark and half healed over by time.",""
"45","Coldfells","Rhudaur","Grim, broken upland woods of stunted oak, pine and thorn strewn with mossy boulders, cold and ill-tended. In the Trollshaws and Ettenmoors the trees shelter trolls and worse among the tumbled grey stones.","Bleak boulder-strewn moor-hills of grey rock and coarse grass, cold and trackless, where trolls den among the tumbled stones and the wind moans across empty heights.","","","","","A broken remnant of an old Dunadan road, its stones heaved apart by frost and root, half-reclaimed by heather; a grim and little-mended way where travellers are watched from the hills.","Barely a trail at all, a lost thread through the black-pine hollows, marked only by old blazes cut in the bark and half healed over by time.",""
"46","Angmar","Angmar","Stunted, wind-broken pine and thorn cling to cold grey slopes under perpetual cloud, snow lingering in their shadow. A grim, sparse wood in a land that resents the living.","Cold bare hill-country under perpetual grey cloud, snow lingering in the hollows, grim and silent beneath the brooding strongholds of the Witch-king.","","The cold low mountains of Angmar, bare grey rock under perpetual cloud, snow-streaked and wind-scoured, where the Witch-king's strongholds brood among the crags.","","","A hard-frozen war-road of grey stone kept open by slave-gangs, rutted by the passage of the Witch-king's supply caravans, watched from cold forts along its length.","A frozen track over bare grey slopes, marked by the odd heap of stones, treacherous with ice and easily lost when the cloud comes down.",""
"47","Ered Luin","Forlindon","Cold Elvish woods of the far north-west: wind-bent oak, downy birch and dark pine on stony slopes that fall toward the sea, the canopy sculpted low by salt gales. Deep fern and moss below, the light falling grey and silver in groves grown ancient and still.","","","The lower skirts of the Blue Mountains: rounded heather-clad shoulders of grey stone rising from the pinewoods, cut by cold streams and silent old dwarf-roads. Steep but never deadly, the air sharp with resin and sea-wind.","The middle heights of the Blue Mountains, bare rock breaking through the heath, wind singing in the gullies. Old delvings and the rubble of vanished dwarf-mansions scar the scree-slopes, and the cold bites even in summer.","","A quiet coastal track of grey stone laid by the Elves long ago, little used now, running between scattered havens above the sea-cliffs.","A faint cliff-path above the sea, salt-grass to either side, dipping to hidden coves and easily missed in the mist.",""
"48","Numeriador","Forlindon","Cold Elvish woods of the far north-west: wind-bent oak, downy birch and dark pine on stony slopes that fall toward the sea, the canopy sculpted low by salt gales. Deep fern and moss below, the light falling grey and silver in groves grown ancient and still.","","","","","","A quiet coastal track of grey stone laid by the Elves long ago, little used now, running between scattered havens above the sea-cliffs.","A faint cliff-path above the sea, salt-grass to either side, dipping to hidden coves and easily missed in the mist.",""
"49","Ascahiriand","Forlindon","Cold Elvish woods of the far north-west: wind-bent oak, downy birch and dark pine on stony slopes that fall toward the sea, the canopy sculpted low by salt gales. Deep fern and moss below, the light falling grey and silver in groves grown ancient and still.","","","","","","A quiet coastal track of grey stone laid by the Elves long ago, little used now, running between scattered havens above the sea-cliffs.","A faint cliff-path above the sea, salt-grass to either side, dipping to hidden coves and easily missed in the mist.",""
"50","En Udanoriath","Arthedain","Cool northern woods of birch, rowan and Scots pine over stony, heather-fringed soil, with stands of old oak in the sheltered hollows. Clean-aired and quiet, the groves of a fading Dunedain land where ruined walls surface among the roots.","Rolling green-grey downs of cropped turf and gorse, strewn with standing stones and grass-grown barrows, mist clinging low at dawn. The bones of old Arnor, walls, cairns, weather-worn towers, surface across the lonely heights.","The Midgewater Marshes: low sodden ground of shallow pools, reeds and clinging mud, plagued by clouds of midges and a ceaseless nightly croaking. Wet, wearying misery rather than true peril.","","","","An old Dunadan road, its worn paving-stones still true beneath the turf, running between friendly farms and waystones; a safe and travelled way where a cart or a rider is no rare sight.","A pleasant footpath winding over green downs, firm and dry underfoot, dipping between hedgerows where blackberries grow and a farm chimney is never far off.",""
"51","Mänoriand","Forlindon","Cold Elvish woods of the far north-west: wind-bent oak, downy birch and dark pine on stony slopes that fall toward the sea, the canopy sculpted low by salt gales. Deep fern and moss below, the light falling grey and silver in groves grown ancient and still.","","","","","","A quiet coastal track of grey stone laid by the Elves long ago, little used now, running between scattered havens above the sea-cliffs.","A faint cliff-path above the sea, salt-grass to either side, dipping to hidden coves and easily missed in the mist.",""
"52","Celanoriand","Forlindon","Cold Elvish woods of the far north-west: wind-bent oak, downy birch and dark pine on stony slopes that fall toward the sea, the canopy sculpted low by salt gales. Deep fern and moss below, the light falling grey and silver in groves grown ancient and still.","","","","","","A quiet coastal track of grey stone laid by the Elves long ago, little used now, running between scattered havens above the sea-cliffs.","A faint cliff-path above the sea, salt-grass to either side, dipping to hidden coves and easily missed in the mist.",""
"53","Sandariand","Forlindon","Cold Elvish woods of the far north-west: wind-bent oak, downy birch and dark pine on stony slopes that fall toward the sea, the canopy sculpted low by salt gales. Deep fern and moss below, the light falling grey and silver in groves grown ancient and still.","","","","","","A quiet coastal track of grey stone laid by the Elves long ago, little used now, running between scattered havens above the sea-cliffs.","A faint cliff-path above the sea, salt-grass to either side, dipping to hidden coves and easily missed in the mist.",""
"54","Talath Muil","Arthedain","Cool northern woods of birch, rowan and Scots pine over stony, heather-fringed soil, with stands of old oak in the sheltered hollows. Clean-aired and quiet, the groves of a fading Dunedain land where ruined walls surface among the roots.","Rolling green-grey downs of cropped turf and gorse, strewn with standing stones and grass-grown barrows, mist clinging low at dawn. The bones of old Arnor, walls, cairns, weather-worn towers, surface across the lonely heights.","The Midgewater Marshes: low sodden ground of shallow pools, reeds and clinging mud, plagued by clouds of midges and a ceaseless nightly croaking. Wet, wearying misery rather than true peril.","","","","An old Dunadan road, its worn paving-stones still true beneath the turf, running between friendly farms and waystones; a safe and travelled way where a cart or a rider is no rare sight.","A pleasant footpath winding over green downs, firm and dry underfoot, dipping between hedgerows where blackberries grow and a farm chimney is never far off.",""
"55","Rammas Formen","Arthedain","Cool northern woods of birch, rowan and Scots pine over stony, heather-fringed soil, with stands of old oak in the sheltered hollows. Clean-aired and quiet, the groves of a fading Dunedain land where ruined walls surface among the roots.","Rolling green-grey downs of cropped turf and gorse, strewn with standing stones and grass-grown barrows, mist clinging low at dawn. The bones of old Arnor, walls, cairns, weather-worn towers, surface across the lonely heights.","The Midgewater Marshes: low sodden ground of shallow pools, reeds and clinging mud, plagued by clouds of midges and a ceaseless nightly croaking. Wet, wearying misery rather than true peril.","","","","An old Dunadan road, its worn paving-stones still true beneath the turf, running between friendly farms and waystones; a safe and travelled way where a cart or a rider is no rare sight.","A pleasant footpath winding over green downs, firm and dry underfoot, dipping between hedgerows where blackberries grow and a farm chimney is never far off.",""
"56","Evendim Hills","Arthedain","Cool northern woods of birch, rowan and Scots pine over stony, heather-fringed soil, with stands of old oak in the sheltered hollows. Clean-aired and quiet, the groves of a fading Dunedain land where ruined walls surface among the roots.","Rolling green-grey downs of cropped turf and gorse, strewn with standing stones and grass-grown barrows, mist clinging low at dawn. The bones of old Arnor, walls, cairns, weather-worn towers, surface across the lonely heights.","The Midgewater Marshes: low sodden ground of shallow pools, reeds and clinging mud, plagued by clouds of midges and a ceaseless nightly croaking. Wet, wearying misery rather than true peril.","","","","An old Dunadan road, its worn paving-stones still true beneath the turf, running between friendly farms and waystones; a safe and travelled way where a cart or a rider is no rare sight.","A pleasant footpath winding over green downs, firm and dry underfoot, dipping between hedgerows where blackberries grow and a farm chimney is never far off.",""
"57","Fornost","Arthedain","Cool northern woods of birch, rowan and Scots pine over stony, heather-fringed soil, with stands of old oak in the sheltered hollows. Clean-aired and quiet, the groves of a fading Dunedain land where ruined walls surface among the roots.","Rolling green-grey downs of cropped turf and gorse, strewn with standing stones and grass-grown barrows, mist clinging low at dawn. The bones of old Arnor, walls, cairns, weather-worn towers, surface across the lonely heights.","The Midgewater Marshes: low sodden ground of shallow pools, reeds and clinging mud, plagued by clouds of midges and a ceaseless nightly croaking. Wet, wearying misery rather than true peril.","","","","An old Dunadan road, its worn paving-stones still true beneath the turf, running between friendly farms and waystones; a safe and travelled way where a cart or a rider is no rare sight.","A pleasant footpath winding over green downs, firm and dry underfoot, dipping between hedgerows where blackberries grow and a farm chimney is never far off.",""
"58","Old Forest","Old Forest","","","","","","","No true path; the ways of the Old Forest move and mislead, hedges of bramble closing where a track seemed to run, drawing the traveller inward.","A deceiving path that will not stay where it was, leading always downhill toward the Withywindle however the walker tries to hold his line.",""
"59","South Downs","Cardolan","A mixed land more than a wood: fertile lowland plains and pasture broken by ragged copses of oak and birch, the thinned remnant of older forest. Harsh winds scour the uplands while the river-vales lie green and tilled, dotted with the heath and bracken reclaiming abandoned ground.","Low chalk-and-turf downs rolling to the horizon, dotted with ancient barrows and crowned here and there by weathered stone. Open, windswept, and brooding over the old graves.","","","","","A weathered stretch of the Great North Road, once proud and now patched and rutted, its milestones toppled; still used by merchant caravans that move in numbers, wary of the empty leagues between towns.","A faint field-path through heath and old pasture, easy to lose where the bracken has swallowed it, threading between grass-grown barrows.",""
"60","Mintyrnath","Cardolan","A mixed land more than a wood: fertile lowland plains and pasture broken by ragged copses of oak and birch, the thinned remnant of older forest. Harsh winds scour the uplands while the river-vales lie green and tilled, dotted with the heath and bracken reclaiming abandoned ground.","Low chalk-and-turf downs rolling to the horizon, dotted with ancient barrows and crowned here and there by weathered stone. Open, windswept, and brooding over the old graves.","","","","","A weathered stretch of the Great North Road, once proud and now patched and rutted, its milestones toppled; still used by merchant caravans that move in numbers, wary of the empty leagues between towns.","A faint field-path through heath and old pasture, easy to lose where the bracken has swallowed it, threading between grass-grown barrows.",""
"61","Weather Hills","Arthedain","Cool northern woods of birch, rowan and Scots pine over stony, heather-fringed soil, with stands of old oak in the sheltered hollows. Clean-aired and quiet, the groves of a fading Dunedain land where ruined walls surface among the roots.","Rolling green-grey downs of cropped turf and gorse, strewn with standing stones and grass-grown barrows, mist clinging low at dawn. The bones of old Arnor, walls, cairns, weather-worn towers, surface across the lonely heights.","The Midgewater Marshes: low sodden ground of shallow pools, reeds and clinging mud, plagued by clouds of midges and a ceaseless nightly croaking. Wet, wearying misery rather than true peril.","","","","An old Dunadan road, its worn paving-stones still true beneath the turf, running between friendly farms and waystones; a safe and travelled way where a cart or a rider is no rare sight.","A pleasant footpath winding over green downs, firm and dry underfoot, dipping between hedgerows where blackberries grow and a farm chimney is never far off.",""
"62","Rohan","Rohan","True forest is scarce; the grass rules. What trees there are huddle as willow-copses and alder-thickets at the river-fords and in sheltered combes, islands of shade in a sea of green-gold turf loud with the ceaseless plains-wind.","","","The green foothills of the White Mountains, terraced with olive and vine where they meet the lowlands, laced with shepherd-paths and tumbling brooks. Warm, fertile and sunlit, the gentlest face of the great range.","The middle slopes of the Ered Nimrais, where forest yields to alpine meadow and grey crag. Cloud snags on the ridges, streams fall in white threads, and the air thins and chills as the green runs out into stone.","The high White Mountains, the Ered Nimrais, crowned with perpetual snow and glacier above the treeline. Knife-edged ridges and sheer pale walls blaze in the sun; the cold is absolute, the silence broken only by wind and distant ice.","A broad green horse-road worn into the turf rather than paved, wide enough for riders abreast, following the lie of the land across the open grass.","A thread of bent grass across the veld, no more than a deer-run in places, that the eye must work to keep as it dips through the endless turf.","Wide seas of green-gold grass rolling to the sky, combed endlessly by the wind, broken only by a distant horse-herd or the barrow of a fallen king."
"63","Wold","Rohan","True forest is scarce; the grass rules. What trees there are huddle as willow-copses and alder-thickets at the river-fords and in sheltered combes, islands of shade in a sea of green-gold turf loud with the ceaseless plains-wind.","","","","","","A broad green horse-road worn into the turf rather than paved, wide enough for riders abreast, following the lie of the land across the open grass.","A thread of bent grass across the veld, no more than a deer-run in places, that the eye must work to keep as it dips through the endless turf.","High open grassland at the edge of the horse-country, windswept and empty, the turf thinning toward the northern wilds."
"64","Apariach","Forlindon","Cold Elvish woods of the far north-west: wind-bent oak, downy birch and dark pine on stony slopes that fall toward the sea, the canopy sculpted low by salt gales. Deep fern and moss below, the light falling grey and silver in groves grown ancient and still.","","","","","","A quiet coastal track of grey stone laid by the Elves long ago, little used now, running between scattered havens above the sea-cliffs.","A faint cliff-path above the sea, salt-grass to either side, dipping to hidden coves and easily missed in the mist.",""
"65","Vinyalas","Forlindon","Cold Elvish woods of the far north-west: wind-bent oak, downy birch and dark pine on stony slopes that fall toward the sea, the canopy sculpted low by salt gales. Deep fern and moss below, the light falling grey and silver in groves grown ancient and still.","","","","","","A quiet coastal track of grey stone laid by the Elves long ago, little used now, running between scattered havens above the sea-cliffs.","A faint cliff-path above the sea, salt-grass to either side, dipping to hidden coves and easily missed in the mist.",""
"66","Forovirian","Forovirian","Cold, sparse stands of hardy pine and birch on the bleak northern skirts of Gundabad, wind-stripped and snow-streaked, thinning fast into bare rock.","","","The lower skirts of Mount Gundabad, bare grey stone and tundra-grass swept by an endless cold wind, snow lingering in the hollows of a grim orc-haunted height.","","","A harsh orc-trodden way through the cold northern uplands below Gundabad, unpaved and menacing, kept by the enemy rather than by any free folk.","A harsh trace over cold stone below Gundabad, orc-trodden and mean, that gives out among the boulders.",""
"67","Talath Uichel","Talath Uichel","At the edge of the Plain of Everlasting Cold, only dwarf-birch and creeping pine survive in sheltered hollows before the tundra takes all. Frost-stunted and sparse under a wide pale sky.","","","","","","No made road; a bleak route across the frozen plain marked by rare cairns, swept bare by the wind and lost under drifting snow.","A faint line across the frozen plain, read from drift and cairn, that the next wind will scour away.",""
"68","North Misty Mountains","Misty Mountains","","","","The lower folds of the Misty Mountains, pine-darkened and boulder-strewn, goat-paths winding among the roots of the range. Cold torrents cut the slopes and old orc-trails lace the gullies; rough and watchful going.","The middle reaches of the Hithaeglir, bare grey stone and loose scree above the last twisted pines. Mist clings to the crags, snow lingers in the shadows, and the passes are treacherous with rockfall and denning things.","The high peaks of the Misty Mountains, savage and storm-wracked: black fangs of rock and blue glacier ice swept by killing winds and sudden blizzards. Here the mountains themselves seem to wish the traveller dead.","A plain country track, unpaved and much like the land around it, kept open only by those who have reason to pass.","A faint path through the open country, easily followed in the clear and easily lost in the rough.",""
"69","Wilderness of Arnor","Wilderness of Arnor","Cold pine and spruce on the mountain skirts, dark and resinous, the needled floor muffling every step. Mist pools between the trunks; old boundary-stones and broken walls of lost Arnor surface among the roots.","Stony upland shoulders rising toward the High Pass, grass and lichen over grey rock, strewn with the rubble of old watch-towers and the boundary-marks of a lost realm.","","","","","A faint remnant of a Dunadan road climbing toward the High Pass, its stones scattered and grass-grown, more memory of a road than a road itself.","A faint upland trace among the pines, marked by cairns half-fallen, that fades into scree near the high places.",""
"70","Eregion","Cardolan","Hollin, the land of holly that gave the region its name: dark evergreen holly-woods and thickets scattered over rolling green country at the feet of the Misty Mountains, mild and strangely quiet. Among the trees lie the grass-grown ruins of Eregion's Elven-smiths, and a lingering stillness hangs where the Noldor once wrought their greatest works.","Low chalk-and-turf downs rolling to the horizon, dotted with ancient barrows and crowned here and there by weathered stone. Open, windswept, and brooding over the old graves.","","","","","A weathered stretch of the Great North Road, once proud and now patched and rutted, its milestones toppled; still used by merchant caravans that move in numbers, wary of the empty leagues between towns.","A faint field-path through heath and old pasture, easy to lose where the bracken has swallowed it, threading between grass-grown barrows.",""
"71","Moria","Moria","","","","The lower folds of the Misty Mountains, pine-darkened and boulder-strewn, goat-paths winding among the roots of the range. Cold torrents cut the slopes and old orc-trails lace the gullies; rough and watchful going.","The middle reaches of the Hithaeglir, bare grey stone and loose scree above the last twisted pines. Mist clings to the crags, snow lingers in the shadows, and the passes are treacherous with rockfall and denning things.","The high peaks of the Misty Mountains, savage and storm-wracked: black fangs of rock and blue glacier ice swept by killing winds and sudden blizzards. Here the mountains themselves seem to wish the traveller dead.","No road under the open sky, only the broken Dwarf-way climbing to the West-gate, and beyond it the black roads of Khazad-dum swallowed by the dark.","No trail beneath the sky save the goat-paths to the doors; within, only worked stone and the memory of Dwarf-roads swallowed in dark.",""
"72","Dunland","Dunland","Oak, blackthorn and rowan cling to stony, broken slopes, the grey knotted woods of the hill-folk, unwelcoming to outsiders. Bracken and gorse choke the gaps and cold becks cut steep ravines.","Rough heather-clad hill-country of grey stone and bracken, steep and broken, home of the wary hill-folk. Cold becks cut the slopes and the going is hard and unwelcoming.","","The lower folds of the Misty Mountains, pine-darkened and boulder-strewn, goat-paths winding among the roots of the range. Cold torrents cut the slopes and old orc-trails lace the gullies; rough and watchful going.","The middle reaches of the Hithaeglir, bare grey stone and loose scree above the last twisted pines. Mist clings to the crags, snow lingers in the shadows, and the passes are treacherous with rockfall and denning things.","The high peaks of the Misty Mountains, savage and storm-wracked: black fangs of rock and blue glacier ice swept by killing winds and sudden blizzards. Here the mountains themselves seem to wish the traveller dead.","A stony hill-track kept open by the clans, steep and winding between the crags, unpaved and hard on the feet, watched with suspicion where it passes near a steading.","A goat-track over broken hillside, faint and stony, that gives out among the crags and must be picked up again by instinct.",""
"73","Forochel","Forochel","Thin boreal taiga of stunted spruce and pine, lichen-draped and snow-bent, surrendering quickly to open tundra. The trees grow low and hard and the silence is glacial.","Low snow-streaked tundra-hills of bare rock and frozen moss, wind-scoured and treeless under a pale northern sky.","Frozen fen and bog along the icebound shore, half-marsh half-tundra, meltwater pooling between hummocks of frozen moss where every step is a cold labour.","","","","No made road at all; a route across the snow marked by cairns and whale-bone stakes, followed by sled and by foot, that vanishes with each fresh fall.","No trail but a line of footprints soon erased, a route read from the shape of the snow and the set of the wind by those who know the ice.",""
"74","Mordor","Mordor","No living wood survives, only dead groves of charred trunks and wire-twisted thorn, leafless snags black against an ashen sky. The very idea of forest has been burned out of the land.","","","Jagged volcanic foothills of black slag and clinker, riven by fumaroles and ash-choked gullies. Nothing grows; the rock is sharp as broken glass and the air tastes of sulphur and burning.","","","A black military causeway of rammed slag and ash, straight and pitiless, cut for the marching of armies; orc-tracks and slave-roads branch from it, and nothing travels here unseen.","A scored orc-path over clinker and ash, sharp underfoot and reeking of sulphur, branching into a dozen false ways among the fumaroles.","The cracked black plain of Gorgoroth, bare basalt and ash-drift riven by fissures, jagged and lifeless beneath the smoke of the Mountain."
"75","Forithilien","Gondor","North Ithilien still green beneath the shadow: stands of oak, ilex and pine threaded with myrtle, broom and sweet-smelling herbs, and streams running clear from the mountains. The loveliness is taut and watchful, for the smoke of Mordor drifts close across the Anduin and the silence listens.","Fertile foothills of the White Mountains, terraced with vine and olive and laced with clear streams. Warm and sunlit, the green skirts where mountain meets tilled land.","","","","","A well-kept Gondorian road of fitted stone, straight and sure, with drainage and standing waymarks; the traffic of trade and soldiery keeps it busy and its verges clear.","A trodden countryside path between orchards and terraces, sun-warm and clear, worn smooth by shepherds and farmhands.",""
"76","Nurn","Nurn","A few grey, struggling stands of hardy scrub and dead-looking trees cling to the shores of the bitter inland sea, half-alive under a smoke-stained sky. Little more than the memory of a forest.","","Brackish salt-fens along the Sea of Nurnen, grey and reeking, where slave-worked channels cut through salt-reed and mud under a smoke-stained sky.","The lower volcanic ridges above the Sea of Nurnen, grey-brown and barren but less utterly dead than the north, where slave-fields scrape what little the bitter soil allows.","","","A slave-road of beaten earth along the bitter sea, rutted by the carts that haul Nurn's grudging harvest north to feed the armies of the Dark Tower.","A slave-worn path between the salt-fields and the shore, churned and bitter, watched from the ridges by the overseers.","Grudging grey fields along the bitter sea, salt-crusted and slave-worked, flat and joyless under a smoke-stained sky."
"77","Druwaith Laur","Gondor","Twisted, tangled woods of the rugged uplands, ancient and deserted: gnarled oak and thorn-brake over broken stony ground, home now only to scattered Druedain and Dunlending bands. A wild, depopulated march where the forest has crept back over abandoned Gondorian land.","Fertile foothills of the White Mountains, terraced with vine and olive and laced with clear streams. Warm and sunlit, the green skirts where mountain meets tilled land.","","The green foothills of the White Mountains, terraced with olive and vine where they meet the lowlands, laced with shepherd-paths and tumbling brooks. Warm, fertile and sunlit, the gentlest face of the great range.","The middle slopes of the Ered Nimrais, where forest yields to alpine meadow and grey crag. Cloud snags on the ridges, streams fall in white threads, and the air thins and chills as the green runs out into stone.","The high White Mountains, the Ered Nimrais, crowned with perpetual snow and glacier above the treeline. Knife-edged ridges and sheer pale walls blaze in the sun; the cold is absolute, the silence broken only by wind and distant ice.","A well-kept Gondorian road of fitted stone, straight and sure, with drainage and standing waymarks; the traffic of trade and soldiery keeps it busy and its verges clear.","A trodden countryside path between orchards and terraces, sun-warm and clear, worn smooth by shepherds and farmhands.",""
"78","Hairavercien","Gondor","Cultivated, Mediterranean woodland: groves of holm-oak, chestnut and cypress give way to olive and almond on the warmer slopes, with orchards and flowering vales. The undergrowth is aromatic with broom, thyme and rockrose; tended, sunlit, prosperous woods.","Fertile foothills of the White Mountains, terraced with vine and olive and laced with clear streams. Warm and sunlit, the green skirts where mountain meets tilled land.","","The green foothills of the White Mountains, terraced with olive and vine where they meet the lowlands, laced with shepherd-paths and tumbling brooks. Warm, fertile and sunlit, the gentlest face of the great range.","The middle slopes of the Ered Nimrais, where forest yields to alpine meadow and grey crag. Cloud snags on the ridges, streams fall in white threads, and the air thins and chills as the green runs out into stone.","The high White Mountains, the Ered Nimrais, crowned with perpetual snow and glacier above the treeline. Knife-edged ridges and sheer pale walls blaze in the sun; the cold is absolute, the silence broken only by wind and distant ice.","A well-kept Gondorian road of fitted stone, straight and sure, with drainage and standing waymarks; the traffic of trade and soldiery keeps it busy and its verges clear.","A trodden countryside path between orchards and terraces, sun-warm and clear, worn smooth by shepherds and farmhands.",""
"79","Andrast","Gondor","Cultivated, Mediterranean woodland: groves of holm-oak, chestnut and cypress give way to olive and almond on the warmer slopes, with orchards and flowering vales. The undergrowth is aromatic with broom, thyme and rockrose; tended, sunlit, prosperous woods.","Fertile foothills of the White Mountains, terraced with vine and olive and laced with clear streams. Warm and sunlit, the green skirts where mountain meets tilled land.","","The green foothills of the White Mountains, terraced with olive and vine where they meet the lowlands, laced with shepherd-paths and tumbling brooks. Warm, fertile and sunlit, the gentlest face of the great range.","The middle slopes of the Ered Nimrais, where forest yields to alpine meadow and grey crag. Cloud snags on the ridges, streams fall in white threads, and the air thins and chills as the green runs out into stone.","The high White Mountains, the Ered Nimrais, crowned with perpetual snow and glacier above the treeline. Knife-edged ridges and sheer pale walls blaze in the sun; the cold is absolute, the silence broken only by wind and distant ice.","A well-kept Gondorian road of fitted stone, straight and sure, with drainage and standing waymarks; the traffic of trade and soldiery keeps it busy and its verges clear.","A trodden countryside path between orchards and terraces, sun-warm and clear, worn smooth by shepherds and farmhands.",""
"80","Rivendell","Rivendell","","","","","","","A steep hidden path winding down into the valley, well-tended but secret, that only those who know the way can follow to the Last Homely House.","A narrow mountain path zigzagging among pines and falls, sure but steep, with the sound of water always somewhere near.",""
"81","Lone-lands","Rhudaur","Grim, broken upland woods of stunted oak, pine and thorn strewn with mossy boulders, cold and ill-tended. In the Trollshaws and Ettenmoors the trees shelter trolls and worse among the tumbled grey stones.","Bleak boulder-strewn moor-hills of grey rock and coarse grass, cold and trackless, where trolls den among the tumbled stones and the wind moans across empty heights.","","","","","A broken remnant of an old Dunadan road, its stones heaved apart by frost and root, half-reclaimed by heather; a grim and little-mended way where travellers are watched from the hills.","Barely a trail at all, a lost thread through the black-pine hollows, marked only by old blazes cut in the bark and half healed over by time.",""
"82","Fangorn","Fangorn","","","","","","","No road at all, only the shifting aisles between the ancient trunks, where the forest itself seems to decide whether a path opens or closes.","No trail, only the choice of a way between vast roots, where the moss shows no footprint and the trees seem to shift behind the walker.",""
"83","Dor Guldur","Dor Guldur","A sickened wood of strangled oak and webbed beech, lightless and rank, where the canopy mats out the sky and the very ground feels diseased. The dread of the Necromancer's hill seeps through every shadow.","","","","","","A furtive orc-track beaten through the sick forest, muddy and root-choked, marked here and there by grisly totems; no honest road, only a way the enemy's servants use.","A furtive game-path through the strangled trees, slick with black mud and webbed overhead, that seems to lead the walker deeper against his will.",""
"84","Lorien","Lorien","","","","","","","No road of stone, but a way of trodden grass beneath the mallorn, quiet and clean, that the feet of the Galadhrim have kept for an age of the world.","A soft way through the golden grass beneath the mallorn, unmarked yet somehow never lost, as though the wood itself guided the feet.",""
"85","The Shire","Arthedain","Cool northern woods of birch, rowan and Scots pine over stony, heather-fringed soil, with stands of old oak in the sheltered hollows. Clean-aired and quiet, the groves of a fading Dunedain land where ruined walls surface among the roots.","Rolling green-grey downs of cropped turf and gorse, strewn with standing stones and grass-grown barrows, mist clinging low at dawn. The bones of old Arnor, walls, cairns, weather-worn towers, surface across the lonely heights.","The Midgewater Marshes: low sodden ground of shallow pools, reeds and clinging mud, plagued by clouds of midges and a ceaseless nightly croaking. Wet, wearying misery rather than true peril.","","","","An old Dunadan road, its worn paving-stones still true beneath the turf, running between friendly farms and waystones; a safe and travelled way where a cart or a rider is no rare sight.","A pleasant footpath winding over green downs, firm and dry underfoot, dipping between hedgerows where blackberries grow and a farm chimney is never far off.",""
"86","Bree","Arthedain","Cool northern woods of birch, rowan and Scots pine over stony, heather-fringed soil, with stands of old oak in the sheltered hollows. Clean-aired and quiet, the groves of a fading Dunedain land where ruined walls surface among the roots.","Rolling green-grey downs of cropped turf and gorse, strewn with standing stones and grass-grown barrows, mist clinging low at dawn. The bones of old Arnor, walls, cairns, weather-worn towers, surface across the lonely heights.","The Midgewater Marshes: low sodden ground of shallow pools, reeds and clinging mud, plagued by clouds of midges and a ceaseless nightly croaking. Wet, wearying misery rather than true peril.","","","","An old Dunadan road, its worn paving-stones still true beneath the turf, running between friendly farms and waystones; a safe and travelled way where a cart or a rider is no rare sight.","A pleasant footpath winding over green downs, firm and dry underfoot, dipping between hedgerows where blackberries grow and a farm chimney is never far off.",""
"87","Dorwinion","Dorwinion","Warm, dry woodland of cork-oak, pine and terebinth on sun-baked hillsides, edged by the famous vineyards of the Wineland. The light is hard and bright, the shade sparse and resin-scented, on the eastern edge of the maps.","","","","","","A dusty cart-road between the vineyards and river-wharves, warm and well-travelled, rich with the traffic of the wine-trade toward the east.","A warm path between the vine-rows, trodden by pickers, dusty and sweet with the smell of ripening grapes.",""
